SMILES,y_pred,y_prob,status,BBB_labels
NCc1c[n+]2ccccc2[nH]1,1,0.797247052192688,BBB+,0
Nc1ccc(C(=O)O)cc1,1,0.555924654006958,BBB+,0
O=C(O)c1ccccc1O,1,0.5275024771690369,BBB+,0
Nc1cc(N)c(N)cc1N,1,0.6540123224258423,BBB+,1
CSC(=N)N,1,0.7708154916763306,BBB+,1
NC1(C(=O)O)CCCC1,1,0.5788623690605164,BBB+,1
C=CC#N,1,0.7419297099113464,BBB+,1
NCCCS(=O)(=O)O,1,0.6530567407608032,BBB+,1
CNCCc1ccccn1,1,0.814166247844696,BBB+,1
ClCCl,1,0.8817951679229736,BBB+,1
CCC1(C)CC(=O)NC1=O,1,0.9398404359817505,BBB+,1
CC(Cl)Cl,1,0.8801414370536804,BBB+,1
N=C(N)SCCF,1,0.7942789793014526,BBB+,1
NC(=O)c1ccccc1,1,0.8386372327804565,BBB+,1
C#CCO,1,0.7504216432571411,BBB+,1
OCC(O)CO,1,0.737992525100708,BBB+,1
CCCC(CCC)C(=O)O,1,0.697478711605072,BBB+,1
CCO,1,0.7872540950775146,BBB+,1
NNCCc1ccccc1,1,0.802470326423645,BBB+,1
C=CC=C,1,0.8421838879585266,BBB+,1
CC(C)CO,1,0.8071579933166504,BBB+,1
CC(N)C(=O)O,1,0.7064892649650574,BBB+,1
C[n+]1ccccc1/C=N/O,1,0.7371237277984619,BBB+,1
CCCO,1,0.8330686688423157,BBB+,1
CC(C)=O,1,0.8395586609840393,BBB+,1
NC(N)=O,1,0.8349353671073914,BBB+,1
ClCCCl,1,0.8287073373794556,BBB+,1
COC(C)=O,1,0.797080397605896,BBB+,1
Cl/C=C\Cl,1,0.8597450256347656,BBB+,1
CC(C)O,1,0.7657674551010132,BBB+,1
CCC(C)=O,1,0.8630384802818298,BBB+,1
Cc1nc(C)c(C)nc1C,1,0.595146119594574,BBB+,1
ClCC(Cl)Cl,1,0.9078092575073242,BBB+,1
C=CC,1,0.8397443890571594,BBB+,1
Oc1ccc2c(c1)OCO2,1,0.7514450550079346,BBB+,1
C1CCc2nnnn2CC1,1,0.8066240549087524,BBB+,1
CCCCO,1,0.7608921527862549,BBB+,1
FC(F)=CCl,1,0.8724839091300964,BBB+,1
CCCC(C)=O,1,0.8298806548118591,BBB+,1
CCOCC,0,0.4880087077617645,BBB-,1
CC(C)CC(N)C(=O)O,1,0.7763340473175049,BBB+,1
CCOC(C)=O,1,0.7717772722244263,BBB+,1
C1CO1,1,0.8883720636367798,BBB+,1
CO,1,0.8231849670410156,BBB+,1
N#N,1,0.8466851115226746,BBB+,1
[N-]=[N+]=O,1,0.8773998618125916,BBB+,1
N#[N+]O,1,0.7261278629302979,BBB+,1
NN,1,0.8699871301651001,BBB+,1
CC(C)CCO,1,0.8109865188598633,BBB+,1
CCC(C)CO,1,0.7076357007026672,BBB+,1
Cl/C=C/Cl,1,0.8597450256347656,BBB+,1
CCC(C)(C)O,1,0.9196491241455078,BBB+,1
FCC(Cl)(Cl)Cl,1,0.9998045563697815,BBB+,1
C1CC1,1,0.8778943419456482,BBB+,1
C=COC=C,1,0.8553809523582458,BBB+,1
C=COCC(F)(F)F,1,0.818606972694397,BBB+,1
CC(C)(C)O,1,0.8997101783752441,BBB+,1
CCCOC(C)=O,1,0.8031880855560303,BBB+,1
C=COCCCCOC=C,1,0.8407135605812073,BBB+,1
F/C=C/O/C=C/F,1,0.8705106377601624,BBB+,1
F/C=C\O/C=C/F,1,0.8705106377601624,BBB+,1
FC=COC=CF,1,0.8705106377601624,BBB+,1
CC(O)C(=O)O,1,0.7183552384376526,BBB+,1
Cc1ccc(C)c(C)c1,1,0.7520692944526672,BBB+,1
CCC(C)(C)OC,1,0.9697586297988892,BBB+,1
CCc1ccccc1,1,0.8630703687667847,BBB+,1
CCCCCO,1,0.8279222249984741,BBB+,1
Cc1cccc(C)c1,1,0.8510172367095947,BBB+,1
CCOC(C)(C)C,1,0.9418848156929016,BBB+,1
CCCBr,1,0.7860761880874634,BBB+,1
CCCCOC(C)=O,1,0.7432445883750916,BBB+,1
ClC=C(Cl)Cl,1,0.9390548467636108,BBB+,1
ClC(Cl)Cl,1,0.8966678977012634,BBB+,1
C=C,1,0.8767179846763611,BBB+,1
c1cncc(C2CCCN2)c1,1,0.8722905516624451,BBB+,1
OC1CNCc2ccccc21,1,0.8066520094871521,BBB+,1
c1cncc([C@@H]2CCCN2)c1,1,0.8999482989311218,BBB+,1
COC(C)(C)C,1,0.9516059160232544,BBB+,1
CC(Cl)(Cl)Cl,1,0.9954385161399841,BBB+,1
c1ccccc1,1,0.8942689895629883,BBB+,1
Cc1ccccc1,1,0.8680309057235718,BBB+,1
Cc1ccc(C)cc1,1,0.8452731966972351,BBB+,1
FS(F)(F)(F)(F)F,1,0.9252504110336304,BBB+,1
Cc1ccccc1C,1,0.82828688621521,BBB+,1
CC(=O)OC(C)C,1,0.8312219381332397,BBB+,1
CCCCCOC(C)=O,1,0.7774855494499207,BBB+,1
CC(C)(C)c1ccccc1,1,0.8251278400421143,BBB+,1
CC(=O)OCC(C)C,1,0.7941259145736694,BBB+,1
C=Cc1ccccc1,1,0.867428719997406,BBB+,1
CCCCCCCCC,1,0.8174646496772766,BBB+,1
CC(=O)OCCC(C)C,1,0.818641722202301,BBB+,1
CC(C)Br,1,0.8712591528892517,BBB+,1
c1ccc2c(c1)CCNC2,1,0.9063165783882141,BBB+,1
S=C=S,1,0.8256739377975464,BBB+,1
CC(C)(C)C1CCCCC1,1,0.7496562600135803,BBB+,1
CCCCCCCCCC,1,0.8160707354545593,BBB+,1
CCCCCCCC,1,0.8177215456962585,BBB+,1
c1ccc2c(c1)CCCN2,1,0.8643096089363098,BBB+,1
C=CCCCCCC,1,0.8473129868507385,BBB+,1
CCCCCCC,1,0.8197396993637085,BBB+,1
CCCCC,1,0.8282054662704468,BBB+,1
CCCCCC,1,0.8236532807350159,BBB+,1
C=CCCCCCCC,1,0.8456817269325256,BBB+,1
CCCCC(C)C,1,0.8407645225524902,BBB+,1
CCCCCC(C)C,1,0.8354586362838745,BBB+,1
CCCC(C)CC,1,0.836513102054596,BBB+,1
C=C([CH]CC)CC,1,0.5403221845626831,BBB+,1
C1CCCCC1,1,0.8751825094223022,BBB+,1
CC1CCCC1,1,0.8418084979057312,BBB+,1
CCC[C@H](C)CC,1,0.8119181990623474,BBB+,1
CNC(C)Cc1ccccc1,1,0.8139917254447937,BBB+,1
CC(N)Cc1ccccc1,1,0.8203545808792114,BBB+,1
CN[C@@H](C)Cc1ccccc1,1,0.8086161017417908,BBB+,1
C=CCCCCCCCC,1,0.8446187376976013,BBB+,1
CC1CCCCC1,1,0.8487492203712463,BBB+,1
CCCCCCC(C)C,1,0.8326053619384766,BBB+,1
CCCC(C)C,1,0.8681848645210266,BBB+,1
CCC(C)(C)C,1,0.853852391242981,BBB+,1
CCC(C)CC,1,0.8166055083274841,BBB+,1
CC1CCC(C)C(C)C1,1,0.8053317666053772,BBB+,1
CCCCCCCC(C)C,1,0.8321438431739807,BBB+,1
CC1CCCCC1C,1,0.7763770222663879,BBB+,1
O=C(O)C=C1C=CC(=O)O1,1,0.6757383942604065,BBB+,1
C#CC(C)(O)CC,1,0.7700527310371399,BBB+,1
C#CC(O)(/C=C/Cl)CC,0,0.49880924820899963,BBB-,1
C=CC(N)CCC(=O)O,1,0.5485054850578308,BBB+,1
CC(NN)c1ccccc1,1,0.9212621450424194,BBB+,1
CC1(C)OC(=O)NC1=O,1,0.8437973260879517,BBB+,1
CC1OC(C)OC(C)O1,0,0.09682298451662064,BBB-,1
CCC,1,0.8658646941184998,BBB+,1
CCC(C)(CC)OC(N)=O,1,0.9475067853927612,BBB+,1
CCC(C)C(CC)C(N)=O,1,0.8037265539169312,BBB+,1
CCCC(CCC)C(N)=O,1,0.7045994997024536,BBB+,1
CCCC(O)Cl,1,0.5890046954154968,BBB+,1
CCCCCCC(C)NN,1,0.8514441847801208,BBB+,1
CCCCCNCC(N)=O,1,0.7899781465530396,BBB+,1
CCCl,1,0.8143479228019714,BBB+,1
CCOC(N)=O,1,0.8739694356918335,BBB+,1
CN(C)CCO,1,0.8242239952087402,BBB+,1
CN(C)c1cnccn1,1,0.7771704196929932,BBB+,1
CN1C(=O)OC(C)(C)C1=O,1,0.9255568981170654,BBB+,1
C[C@H](N)C(=O)c1ccccc1,1,0.7287701368331909,BBB+,1
C[C@H](N)Cc1ccccc1,1,0.8459045886993408,BBB+,1
C[N+](C)(C)CCO,0,2.398928700131364e-06,BBB-,1
Cc1cc(C)c(=O)[nH]n1,1,0.5807617902755737,BBB+,1
FC(F)(F)CCl,1,0.8548469543457031,BBB+,1
FCC(F)(F)F,1,0.8584600687026978,BBB+,1
NC(=O)C1CCCCO1,1,0.8241307735443115,BBB+,1
NC(=O)CN1CCCC1=O,1,0.833767831325531,BBB+,1
NC(=O)c1cccnc1,1,0.8395365476608276,BBB+,1
NC(=O)c1cnccn1,1,0.8174184560775757,BBB+,1
NC(CO)(CO)CO,1,0.5573970079421997,BBB+,0
NC1CONC1=O,1,0.7119373083114624,BBB+,1
NCCc1nccs1,1,0.7350475192070007,BBB+,1
NNCC1CCCCC1,1,0.9014089107513428,BBB+,1
N[C@@H]1C[C@H]1c1ccccc1,1,0.9075568914413452,BBB+,1
O=C(O)P(=O)(O)O,0,0.32992324233055115,BBB-,1
O=C1CCC2CCC(=O)N12,1,0.9569581151008606,BBB+,1
O=C1CN2C(=O)CCC2N1,1,0.8299301862716675,BBB+,1
O=c1[nH]cc(F)c(=O)[nH]1,1,0.6017261743545532,BBB+,0
O=c1[nH]oc2c1CCNC2,1,0.5811231732368469,BBB+,1
O=c1cc[nH]nc1,1,0.7186087369918823,BBB+,1
OCc1ccccc1,1,0.8227778077125549,BBB+,1
OCc1cccnc1,1,0.8026193976402283,BBB+,0
C=C[C@@H](N)CCC(=O)O,1,0.6721817851066589,BBB+,1
CC(C)(O)C(F)(F)F,1,0.8019750118255615,BBB+,1
CCC(C)[C@H](CC)C(N)=O,1,0.842183530330658,BBB+,1
CCCCCC[C@H](C)NN,1,0.9292743802070618,BBB+,1
CCC[C@@H](C)CC,1,0.858595073223114,BBB+,1
CCC[C@@H](O)Cl,1,0.5216466784477234,BBB+,1
C[C@@H]1O[C@H]1P(=O)(O)O,0,0.37189123034477234,BBB-,1
C[C@H](NN)c1ccccc1,1,0.9539284110069275,BBB+,1
C[C@H]1CCCC[C@@H]1C,1,0.8972886204719543,BBB+,1
C[C@H]1CC[C@H](C)[C@@H](C)C1,1,0.902319073677063,BBB+,1
NC(=O)[C@@H]1CCCCO1,1,0.8243774175643921,BBB+,1
N[C@H]1CONC1=O,1,0.7117772102355957,BBB+,1
N[C@H]1C[C@H]1c1ccccc1,1,0.8769910335540771,BBB+,1
O=C1CN2C(=O)CC[C@H]2N1,1,0.8395937085151672,BBB+,1
C#CC(O)(C=CCl)CC,0,0.49880924820899963,BBB-,1
CC(N)C(=O)c1ccccc1,1,0.8114839792251587,BBB+,1
NC1CC1c1ccccc1,1,0.8238074779510498,BBB+,1
O=C(O)c1cc(=O)cco1,1,0.5139536261558533,BBB+,0
C[C@@H](N)Cc1ccccc1,1,0.8108408451080322,BBB+,1
O=C1CC=C2CCC(=O)N12,1,0.9739381074905396,BBB+,1
CC[C@]1(C)CC(=O)NC1=O,1,0.8551052212715149,BBB+,1
N[C@@H]1CONC1=O,1,0.7718533277511597,BBB+,1
C1CNCCN1,1,0.7728855013847351,BBB+,0
CC(=O)NO,1,0.7913762927055359,BBB+,0
CC(C)(N)Cc1ccccc1,1,0.8984911441802979,BBB+,1
CC(C)(S)C(N)C(=O)O,1,0.7240067720413208,BBB+,0
ClCCc1cncs1,1,0.7078976035118103,BBB+,1
NC(CCC(=O)O)C(=O)O,1,0.5125696063041687,BBB+,0
NCCCCCC(=O)O,1,0.6247527003288269,BBB+,0
NCCNCCNCCN,1,0.6837084293365479,BBB+,0
NCCS,1,0.7431353330612183,BBB+,0
CCCCCON=O,1,0.7842927575111389,BBB+,0
CNC(C)CCC=C(C)C,1,0.6565274596214294,BBB+,1
COC(=O)CCC(=O)CN,1,0.7047336101531982,BBB+,0
COc1ccc(O)cc1,1,0.6543973088264465,BBB+,0
C[N+](C)(C)CCOC(N)=O,0,2.0365489490359323e-06,BBB-,0
Cc1cn[nH]c1,1,0.7829356789588928,BBB+,0
N=C(N)N,1,0.6030928492546082,BBB+,0
NC1CCCCC1N,1,0.8408491611480713,BBB+,0
NCCc1ccn[nH]1,1,0.6885048151016235,BBB+,0
NCCc1cnc[nH]1,1,0.6715936660766602,BBB+,0
Nc1ccncc1,1,0.8343508243560791,BBB+,1
Nc1ncnc2nc[nH]c12,1,0.6547517776489258,BBB+,0
O=C(O)CCCO,1,0.6518033742904663,BBB+,1
OC1COC2C(O)COC12,1,0.5905423760414124,BBB+,0
OCC(S)CS,1,0.6847328543663025,BBB+,0
Oc1ccccc1,1,0.776585042476654,BBB+,0
On1ccccc1=S,1,0.7804819941520691,BBB+,0
C#C[C@@](C)(O)CC,1,0.8215584754943848,BBB+,1
C#C[C@](O)(/C=C/Cl)CC,1,0.735270082950592,BBB+,1
CCCCCC[C@@H](C)NN,1,0.8759493827819824,BBB+,1
CC[C@H](C)[C@H](CC)C(N)=O,1,0.8522510528564453,BBB+,1
CN[C@H](C)Cc1ccccc1,1,0.7735849022865295,BBB+,1
C[C@@H](N)C(=O)c1ccccc1,1,0.8130145072937012,BBB+,1
NNO,1,0.7659069299697876,BBB+,1
N[C@@H]1C[C@@H]1c1ccccc1,1,0.9203611016273499,BBB+,1
O=C(O)C(Cl)Cl,1,0.8012117147445679,BBB+,1
O=C1CNC(=O)N1,1,0.7534517645835876,BBB+,1
C#C[C@](C)(O)CC,1,0.9214538335800171,BBB+,1
C#C[C@](O)(C=CCl)CC,1,0.735270082950592,BBB+,1
CC(=O)Nc1ccccc1,1,0.9047214388847351,BBB+,1
CC[C@@]1(C)CC(=O)NC1=O,1,0.8938892483711243,BBB+,1
CC[C@H](C)[C@@H](CC)C(N)=O,1,0.8373255729675293,BBB+,1
C[C@@H](NN)c1ccccc1,1,0.9223247170448303,BBB+,1
C[C@H]1O[C@H]1P(=O)(O)O,0,0.48307517170906067,BBB-,1
NCC(=O)O,1,0.6536855697631836,BBB+,1
COc1ccc2[nH]ccc2c1,1,0.8336665034294128,BBB+,1
Cn1cc[nH]c1=S,1,0.8412875533103943,BBB+,0
O=C(O)c1cccnc1,1,0.6737949848175049,BBB+,0
CN[C@H]1C(=O)N[C@@H]2Cc3ccc(cc3)Oc3cc4cc(c3O[C@@H]3O[C@H](CO)[C@@H](O)[C@H](O)[C@H]3NC(=O)CCCCCCCCC(C)C)Oc3ccc(cc3Cl)[C@@H](O)[C@@H]3NC(=O)[C@H](NC(=O)[C@@H]4NC(=O)[C@@H](NC2=O)c2cc(cc(O)c2Cl)Oc2cc1ccc2O)c1ccc(O)c(c1)-c1c(O[C@H]2O[C@H](CO)[C@@H](O)[C@H](O)[C@@H]2O)cc(O)cc1[C@@H](C(=O)NCCCN(C)C)NC3=O,0,0.0032276592683047056,BBB-,0
CCC(C)C(N)C1=NC(C(=O)N[C@@H](CC(C)C)C(=O)N[C@H](CCC(=O)O)C(=O)N[C@H](C(=O)NCCCC[C@@H]2NC(=O)[C@H](CC(N)=O)NC(=O)[C@@H](CC(=O)O)NC(=O)[C@H](Cc3cnc[nH]3)NC(=O)[C@@H](Cc3ccccc3)NC(=O)[C@H]([C@@H](C)CC)NC(=O)[C@@H](CCCN)NC2=O)[C@@H](C)CC)CS1,0,3.5850185668095946e-05,BBB-,0
CCC(C)[C@H]1O[C@]2(CC[C@@H]1C)CC1C[C@@H](C/C=C(\C)[C@@H](O[C@H]3C[C@H](OC)[C@@H](OC4C[C@H](OC)[C@@H](O)[C@H](C)O4)[C@H](C)O3)[C@@H](C)/C=C/C=C3\CO[C@@H]4[C@H](O)C(C)=C[C@@H](C(=O)O1)[C@]34O)O2.CO[C@H]1CC(O[C@H]2[C@H](C)O[C@@H](O[C@@H]3/C(C)=C/C[C@@H]4CC(C[C@]5(CC[C@H](C)[C@@H](C(C)C)O5)O4)OC(=O)[C@@H]4C=C(C)[C@@H](O)[C@H]5OC/C(=C\C=C\[C@@H]3C)[C@@]45O)C[C@@H]2OC)O[C@@H](C)[C@@H]1O,0,0.001511470996774733,BBB-,0
CCCCCCCCCC(=O)N[C@H]1[C@H](Oc2c3cc4cc2Oc2ccc(cc2Cl)[C@@H](O[C@@H]2O[C@H](CO)[C@@H](O)[C@H](O)[C@H]2NC(C)=O)[C@@H]2NC(=O)[C@H](NC(=O)[C@@H]4NC(=O)[C@H]4NC(=O)[C@@H](Cc5ccc(c(Cl)c5)O3)NC(=O)[C@H](N)c3ccc(O)c(c3)Oc3cc(O)cc4c3)c3ccc(O)c(c3)-c3c(O[C@H]4O[C@H](CO)[C@@H](O)[C@H](O)[C@@H]4O)cc(O)cc3[C@H](C(=O)O)NC2=O)O[C@H](CO)[C@@H](O)[C@@H]1O,0,0.00015306273417081684,BBB-,0
CN[C@H](CC(C)C)C(=O)NC1C(=O)N[C@@H](CC(N)=O)C(=O)N[C@H]2C(=O)N[C@H]3C(=O)N[C@H](C(=O)N[C@@H](C(=O)O)c4cc(O)cc(O)c4-c4cc3ccc4O)[C@H](O)c3ccc(c(Cl)c3)Oc3cc2cc(c3O[C@@H]2O[C@H](CO)[C@@H](O)[C@H](O)[C@H]2O[C@H]2C[C@](C)(N)[C@H](O)[C@H](C)O2)Oc2ccc(cc2Cl)[C@H]1O,0,0.00032511239987798035,BBB-,0
Cc1c2oc3c(C)ccc(C(=O)NC4C(=O)NC(C(C)C)C(=O)N5CCCC5C(=O)N(C)CC(=O)N(C)C(C(C)C)C(=O)OC4C)c3nc-2c(C(=O)NC2C(=O)NC(C(C)C)C(=O)N3CCCC3C(=O)N(C)CC(=O)N(C)C(C(C)C)C(=O)OC2C)c(N)c1=O,0,0.000261125824181363,BBB-,0
CCC(C)C(N)C1=NC(C(=O)NC(CC(C)C)C(=O)NC(CCC(=O)O)C(=O)NC(C(=O)NCCCCC2NC(=O)C(CC(N)=O)NC(=O)C(CC(=O)O)NC(=O)C(Cc3cnc[nH]3)NC(=O)C(Cc3ccccc3)NC(=O)C(C(C)CC)NC(=O)C(CCCN)NC2=O)C(C)CC)CS1,0,0.0022011862602084875,BBB-,0
CNC(CC(C)C)C(=O)NC1C(=O)NC(CC(N)=O)C(=O)NC2C(=O)NC3C(=O)NC(C(=O)NC(C(=O)O)c4cc(O)cc(O)c4-c4cc3ccc4O)C(O)c3ccc(c(Cl)c3)Oc3cc2cc(c3OC2OC(CO)C(O)C(O)C2OC2CC(C)(N)C(O)C(C)O2)Oc2ccc(cc2Cl)C1O,0,0.0016817180439829826,BBB-,0
COC(=O)C1NC(=O)C2NC(=O)C(NC(=O)C3NC(=O)C4NC(=O)C(NC(=O)C(N)c5ccc(O)c(c5)Oc5cc4cc(O)c5C)C(O)c4ccc(c(Cl)c4)Oc4cc3cc(c4O)Oc3ccc(cc3Cl)C2OC2OC(CO)C(O)C(O)C2NC(C)=O)c2ccc(O)c(c2)-c2c(O)cc(O)cc21,0,0.0003343391290400177,BBB-,0
CC[C@H](C)[C@H](NC(=O)[C@@H](CCC(=O)O)NC(=O)[C@H](CC(C)C)NC(=O)[C@@H]1CSC([C@H](N)[C@H](C)CC)=N1)C(=O)NCCCC[C@@H]1NC(=O)[C@H](CC(N)=O)NC(=O)[C@@H](CC(=O)O)NC(=O)[C@H](Cc2c[nH]cn2)NC(=O)[C@@H](Cc2ccccc2)NC(=O)[C@H]([C@@H](C)CC)NC(=O)[C@@H](CCCN)NC1=O,0,2.2944348529563285e-05,BBB-,0
CC(C)CC(NC(=O)C(C)NC(=O)CNC(=O)C(NC=O)C(C)C)C(=O)NC(C)C(=O)NC(C(=O)NC(C(=O)NC(C(=O)NC(Cc1c[nH]c2ccccc12)C(=O)NC(CC(C)C)C(=O)NC(Cc1ccccc1)C(=O)NC(CC(C)C)C(=O)NC(Cc1c[nH]c2ccccc12)C(=O)NC(CC(C)C)C(=O)NC(Cc1c[nH]c2ccccc12)C(=O)NCCO)C(C)C)C(C)C)C(C)C,0,0.09396965801715851,BBB-,0
CC(C)C[C@@H](NC(=O)[C@H](C)NC(=O)CNC(=O)[C@@H](NC=O)C(C)C)C(=O)N[C@@H](C)C(=O)N[C@@H](C(=O)N[C@H](C(=O)N[C@@H](C(=O)N[C@@H](Cc1c[nH]c2ccccc12)C(=O)N[C@H](CC(C)C)C(=O)N[C@@H](Cc1c[nH]c2ccccc12)C(=O)N[C@H](CC(C)C)C(=O)N[C@@H](Cc1c[nH]c2ccccc12)C(=O)N[C@H](CC(C)C)C(=O)N[C@@H](Cc1c[nH]c2ccccc12)C(=O)NCCO)C(C)C)C(C)C)C(C)C,0,9.40532045206055e-05,BBB-,0
CN[C@H](CC(C)C)C(=O)N[C@H]1C(=O)N[C@@H](CC(N)=O)C(=O)N[C@H]2C(=O)N[C@H]3C(=O)N[C@H](C(=O)N[C@H](C(=O)O)c4cc(O)cc(O)c4-c4cc3ccc4O)[C@H](O)c3ccc(c(Cl)c3)Oc3cc2cc(c3O[C@@H]2O[C@H](CO)[C@@H](O)[C@H](O)[C@H]2O[C@H]2C[C@](C)(N)[C@H](O)[C@H](C)O2)Oc2ccc(cc2Cl)[C@H]1O,0,0.000114708804176189,BBB-,0
COC(=O)C1NC(=O)[C@H]2NC(=O)[C@H](NC(=O)[C@@H]3NC(=O)[C@H]4NC(=O)[C@H](NC(=O)[C@@H](N)c5ccc(O)c(c5)Oc5cc4cc(O)c5C)[C@H](O)c4ccc(c(Cl)c4)Oc4cc3cc(c4O)Oc3ccc(cc3Cl)[C@H]2O[C@@H]2O[C@H](CO)[C@@H](O)[C@H](O)[C@H]2NC(C)=O)c2ccc(O)c(c2)-c2c(O)cc(O)cc21,0,0.0001806511718314141,BBB-,0
Cc1c2oc3c(C)ccc(C(=O)N[C@@H]4C(=O)N[C@H](C(C)C)C(=O)N5CCC[C@H]5C(=O)N(C)CC(=O)N(C)[C@@H](C(C)C)C(=O)O[C@@H]4C)c3nc-2c(C(=O)N[C@@H]2C(=O)N[C@H](C(C)C)C(=O)N3CCC[C@H]3C(=O)N(C)CC(=O)N(C)[C@@H](C(C)C)C(=O)O[C@@H]2C)c(N)c1=O,0,5.167894556734609e-08,BBB-,0
CN[C@H](CC(C)C)C(=O)N[C@H]1C(=O)N[C@@H](CC(N)=O)C(=O)N[C@H]2C(=O)N[C@H]3C(=O)N[C@H](C(=O)N[C@H](C(=O)O)c4cc(O)cc(O)c4-c4cc3ccc4O)[C@H](O)c3ccc(c(Cl)c3)Oc3cc2cc(c3O[C@@H]2O[C@H](CO)[C@@H](O)[C@H](O)[C@H]2O[C@@H]2C[C@](C)(N)[C@@H](O)[C@H](C)O2)Oc2ccc(cc2Cl)[C@H]1O,0,0.00026669190265238285,BBB-,0
CNC(CC(C)C)C(=O)NC1C(=O)NC(CC(N)=O)C(=O)NC2C(=O)NC3C(=O)CC(C(=O)NC(C(=O)O)c4cc(O)cc(O)c4-c4cc3ccc4O)C(O)c3ccc(c(Cl)c3)Oc3cc2cc(c3OC2OC(CO)C(O)C(O)C2OC2CC(C)(N)C(O)C(C)O2)Oc2ccc(cc2Cl)C1O,0,0.001913872198201716,BBB-,0
CC(C)C[C@H](NC(=O)[C@@H](COC(C)(C)C)NC(=O)[C@H](Cc1ccc(O)cc1)NC(=O)[C@H](CO)NC(=O)[C@H](Cc1c[nH]c2ccccc12)NC(=O)[C@H](Cc1cnc[nH]1)NC(=O)[C@@H]1CCC(=O)N1)C(=O)N[C@@H](CCCN=C(N)N)C(=O)N1CCC[C@H]1C(=O)NNC(N)=O,0,0.0008574295206926763,BBB-,0
CCNC(=O)[C@@H]1CCCN1C(=O)[C@H](CCCN=C(N)N)NC(=O)[C@H](CC(C)C)NC(=O)[C@@H](CC(C)C)NC(=O)[C@H](Cc1ccc(O)cc1)NC(=O)[C@H](CO)NC(=O)[C@H](Cc1c[nH]c2ccccc12)NC(=O)[C@H](Cc1cnc[nH]1)NC(=O)[C@@H]1CCC(=O)N1,0,0.001236606272868812,BBB-,0
CC(C)C[C@@H](NC(=O)[C@H](Cc1c[nH]c2ccccc12)NC(=O)[C@@H](CC(C)C)NC(=O)[C@H](Cc1c[nH]c2ccccc12)NC(=O)[C@@H](CC(C)C)NC(=O)[C@H](Cc1c[nH]c2ccccc12)NC(=O)[C@H](NC(=O)[C@@H](NC(=O)[C@H](NC(=O)[C@H](C)NC(=O)[C@@H](CC(C)C)NC(=O)[C@@H](C)NC(=O)CNC(=O)[C@@H](NC=O)C(C)C)C(C)C)C(C)C)C(C)C)C(=O)N[C@@H](Cc1c[nH]c2ccccc12)C(=O)NCCO,0,0.0003427058400120586,BBB-,0
CC(C)C[C@H](NC(=O)[C@@H](Cc1c[nH]c2ccccc12)NC(=O)[C@@H](CC(C)C)NC(=O)[C@H](Cc1ccccc1)NC(=O)[C@@H](CC(C)C)NC(=O)[C@H](Cc1c[nH]c2ccccc12)NC(=O)[C@H](NC(=O)[C@H](NC(=O)[C@H](NC(=O)[C@@H](C)NC(=O)[C@@H](CC(C)C)NC(=O)[C@H](C)NC(=O)CNC(=O)[C@H](NC=O)C(C)C)C(C)C)C(C)C)C(C)C)C(=O)N[C@@H](Cc1c[nH]c2ccccc12)C(=O)NCCO,0,0.0009160317713394761,BBB-,0
CC[C@H](C)[C@H](NC(=O)[C@@H](CCC(=O)O)NC(=O)[C@H](CC(C)C)NC(=O)[C@@H]1CS[C@H]([C@H](N)[C@H](C)CC)N1)C(=O)NCCCC[C@@H]1NC(=O)[C@H](CC(N)=O)NC(=O)[C@@H](CC(=O)O)NC(=O)[C@H](Cc2c[nH]cn2)NC(=O)[C@@H](Cc2ccccc2)NC(=O)[C@H]([C@@H](C)CC)NC(=O)[C@@H](CCCN)NC1=O,0,6.6999264163314365e-06,BBB-,0
CN[C@@H](CC(C)C)C(=O)N[C@H]1C(=O)N[C@@H](CC(N)=O)C(=O)N[C@@H]2C(=O)N[C@H]3C(=O)N[C@H](C(=O)N[C@@H](C(=O)O)c4cc(O)cc(O)c4-c4cc3ccc4O)[C@@H](O)c3ccc(c(Cl)c3)Oc3cc2cc(c3O[C@@H]2O[C@H](CO)[C@@H](O)[C@H](O)[C@H]2O[C@@H]2C[C@@](C)(N)[C@@H](O)[C@H](C)O2)Oc2ccc(cc2Cl)[C@@H]1O,0,0.0002126741164829582,BBB-,0
COC(=O)[C@H]1NC(=O)[C@H]2NC(=O)[C@@H](NC(=O)[C@H]3NC(=O)[C@H]4NC(=O)[C@H](NC(=O)[C@H](N)c5ccc(O)c(c5)Oc5cc4cc(O)c5C)[C@@H](O)c4ccc(c(Cl)c4)Oc4cc3cc(c4O)Oc3ccc(cc3Cl)[C@@H]2O[C@@H]2O[C@@H](CO)[C@@H](O)[C@@H](O)[C@H]2NC(C)=O)c2ccc(O)c(c2)-c2c(O)cc(O)cc21,0,6.951203249627724e-05,BBB-,0
Cc1ccc(C(=O)N[C@@H]2C(=O)N[C@H](C(C)C)C(=O)N3CCC[C@@H]3C(=O)N(C)CC(=O)N(C)[C@@H](C(C)C)C(=O)O[C@H]2C)c2c1OC1=C(N2)C(C(=O)N[C@H]2C(=O)N[C@@H](C(C)C)C(=O)N3CCC[C@H]3C(=O)N(C)CC(=O)N(C)[C@H](C(C)C)C(=O)O[C@@H]2C)=C(N)C(=O)[C@@H]1C,0,1.1376607034208064e-07,BBB-,0
CN[C@@H](CC(C)C)C(=O)N[C@H]1C(=O)N[C@@H](CC(N)=O)C(=O)N[C@@H]2C(=O)N[C@@H]3C(=O)N[C@@H](C(=O)N[C@@H](C(=O)O)c4cc(O)cc(O)c4-c4cc3ccc4O)[C@@H](O)c3ccc(c(Cl)c3)Oc3cc2cc(c3O[C@H]2O[C@@H](CO)[C@H](O)[C@H](O)[C@H]2O[C@H]2C[C@@](C)(N)[C@H](O)[C@H](C)O2)Oc2ccc(cc2Cl)[C@@H]1O,0,5.546903412323445e-05,BBB-,0
CN[C@H](CC(C)C)C(=O)N[C@@H]1C(=O)N[C@H](CC(N)=O)C(=O)N[C@H]2C(=O)N[C@@H]3C(=O)N[C@H](C(=O)N[C@@H](C(=O)O)c4cc(O)cc(O)c4-c4cc3ccc4O)[C@H](O)c3ccc(c(Cl)c3)Oc3cc2cc(c3O[C@@H]2O[C@@H](CO)[C@@H](O)[C@H](O)[C@H]2O[C@@H]2C[C@@](C)(N)[C@H](O)[C@H](C)O2)Oc2ccc(cc2Cl)[C@@H]1O,0,0.00033759139478206635,BBB-,0
COC(=O)[C@H]1NC(=O)[C@H]2NC(=O)[C@@H](NC(=O)[C@H]3NC(=O)[C@H]4NC(=O)[C@@H](NC(=O)[C@H](N)c5ccc(O)c(c5)Oc5cc4cc(O)c5C)[C@H](O)c4ccc(c(Cl)c4)Oc4cc3cc(c4O)Oc3ccc(cc3Cl)[C@H]2O[C@H]2O[C@@H](CO)[C@H](O)[C@H](O)[C@H]2NC(C)=O)c2ccc(O)c(c2)-c2c(O)cc(O)cc21,0,3.835111056105234e-05,BBB-,0
Cc1c2oc3c(C)ccc(C(=O)N[C@@H]4C(=O)N[C@H](C(C)C)C(=O)N5CCC[C@@H]5C(=O)N(C)CC(=O)N(C)[C@@H](C(C)C)C(=O)O[C@H]4C)c3nc-2c(C(=O)N[C@H]2C(=O)N[C@H](C(C)C)C(=O)N3CCC[C@H]3C(=O)N(C)CC(=O)N(C)[C@H](C(C)C)C(=O)O[C@@H]2C)c(N)c1=O,0,2.019314138124173e-07,BBB-,0
O=C(COCCOCCOCC(=O)Nc1c(I)cc(I)c(C(=O)O)c1I)Nc1c(I)cc(I)c(C(=O)O)c1I,0,0.0018828327301889658,BBB-,0
CC(=O)OCC(=O)[C@@]12OC(C)(C)O[C@@H]1C[C@H]1C3CC(C#N)=C4C=C(OCCCl)CCC4(C)[C@@]3(F)C(O)CC12C,1,0.9999303817749023,BBB+,1
CC1(C)NC(=O)[C@H](/C=C/c2ccccc2)O1,1,0.9786602854728699,BBB+,1
CC(=O)O[C@@H](C)C(=O)[C@@]1(O)CC[C@@H]2[C@H]3CCC4=CC(=O)C=C[C@@]4(C)[C@]3(F)[C@@H](O)C[C@@]21C,1,0.9998682737350464,BBB+,1
COc1cccc(CC(=O)N2CCN(C(C)=O)CC2CN2CCC(O)C2)c1,0,0.24359743297100067,BBB-,0
COCOC(=O)[C@@H]1N2C(=O)[C@@H](N3C(=O)C(c4ccc(O)cc4)NC3(C)C)[C@H]2SC1(C)C,0,0.0034629330039024353,BBB-,0
Nc1cccc(CN2CCC(NC(=O)C(O)(c3ccccc3)[C@H]3CCC(F)(F)C3)CC2)n1,1,0.8296248912811279,BBB+,1
N=c1nc(N2CCCCC2)ccn1O,1,0.6713998317718506,BBB+,1
CCN(CCC#N)c1ccccc1,1,0.8136767745018005,BBB+,1
CCCC(=O)OC1(C(=O)CCl)[C@@H](C)C[C@H]2[C@@H]3CCC4=CC(=O)C=CC4(C)C3(F)C(=O)CC21C,1,0.9999963045120239,BBB+,1
CN[C@H]1[C@@H](O)C(O[C@H]2[C@@H](NC(=O)C(O)CN)C[C@H](N)[C@@H](OC3O[C@H](CN)[C@@H](O)[C@H](O)[C@H]3O)[C@@H]2O)OC[C@]1(C)O,0,0.00010500556527404115,BBB-,0
COc1cccc(CC(=O)N2CCN(C(C)=O)C[C@@H]2CN2CC[C@@H](O)C2)c1,0,0.23115822672843933,BBB-,0
CN1C2=C3N=c4ccccc4=C3CCN2C(=O)c2ccccc21,1,0.9826202988624573,BBB+,1
CCOC[C@]1(CN)[C@@H](S(C)(=O)=O)[C@@H]1c1ccc2c(c1)OCO2,0,0.30310824513435364,BBB-,0
Cn1c(=O)c2c(ncn2CCN2CCC(c3c[nH]c4ccccc34)CC2)n(C)c1=O,1,0.8724227547645569,BBB+,1
CN(C)[C@@H]1C(=O)C(C(=O)NCN2CCN(CCO)CC2)=C(O)C2(O)C(=O)C3=C(O)c4c(O)cccc4C(C)(O)[C@H]3C[C@@H]12,0,0.06252288073301315,BBB-,0
CN(C)CCCN1c2ccccc2C=Cc2sccc21,1,0.9384263157844543,BBB+,1
CCC(NC(C)C)C(O)c1ccc(O)c(O)c1,0,0.3140447735786438,BBB-,0
C[C@@]12C=CC(=O)C=C1CC[C@@H]1[C@H]3CC[C@@](O)(C(=O)CO)[C@]3(C)C[C@H](O)[C@]12F,1,0.9999160766601562,BBB+,1
CC(N)(Cc1ccc(O)c(O)c1)C(=O)O,0,0.37119802832603455,BBB-,0
NC1=NCc2ncn(COCCO)c2N1,1,0.674769937992096,BBB+,1
C[C@H]1C[C@H]2[C@@H]3CCC4=CC(=O)C=CC4(C)C3(F)[C@@H](O)CC2(C)C1(O)C(=O)CCl,1,0.9999164342880249,BBB+,1
Cc1ncsc1CCCl,1,0.5509007573127747,BBB+,1
CN1CC[C@@]23c4c5ccc(O)c4O[C@@H]2[C@H](O)C=C[C@@H]3[C@@H]1C5,1,0.9996852874755859,BBB+,1
Cc1cc(-c2ccccc2)nnc1NCCN1CCOCC1,1,0.7696834802627563,BBB+,1
Cn1nnnc1SCC1=C(C(=O)O)N2C(=O)[C@@H](NC(=O)CSC(F)(F)F)[C@H]2SC1,0,0.04958818852901459,BBB-,0
Clc1ccc(C(c2ccccc2Cl)C(Cl)Cl)cc1,1,0.8869239091873169,BBB+,0
CC(C)OC(=O)C(C)NP(=O)(OCC1OC(n2ccc(=O)[nH]c2=O)C(C)(F)C1O)Oc1ccccc1,0,0.03209094703197479,BBB-,0
CC(C)(C)C(=O)O[C@H]1N=C(c2ccccc2)c2cc(Cl)ccc2NC1=O,1,0.9689075946807861,BBB+,1
CC(C)(C)C(O)C=Cc1ccc2c(c1)OCO2,1,0.589046061038971,BBB+,1
CN(C)CC/C=C1/c2ccccc2CSc2ccccc21,1,0.9796563386917114,BBB+,1
CC1(C)O[C@H]2C[C@H]3[C@@H]4CCC5=CC(=O)C=CC5(C)[C@H]4[C@@H](O)CC3(C)C2(C(=O)CO)O1,1,0.9993756413459778,BBB+,1
CNC1CCC(c2ccc(Cl)c(Cl)c2)c2ccccc21,1,0.8581295013427734,BBB+,1
CC(=O)N1CCN(C(=O)Cc2ccc([S+](C)[O-])cc2)[C@@H](CN2CC[C@H](O)C2)C1,0,0.13928113877773285,BBB-,0
CC1(C)SC2C(NC(=O)C(NC(=O)N3CCNC3=O)c3ccccc3)C(=O)N2C1C(=O)O,0,0.015258449129760265,BBB-,0
C[C@@H](O)[C@H]1C(=O)N2C(C(=O)O)=C(SC3CC[S+]([O-])C3)S[C@H]12,0,0.003469232702627778,BBB-,0
O=C1C[C@@H](c2cccnc2)c2c(ccc3c2OC2(CCCCC2)CC3=O)O1,1,0.6189728379249573,BBB+,0
Cc1ccc(S(=O)(=O)CCN2C(=O)CN=C(c3ccccc3Cl)c3cc(Cl)ccc32)cc1,1,0.9911293983459473,BBB+,1
Cc1nnc(SCC2=C(C(=O)O)N3C(=O)C(NC(=O)Cn4cnnn4)[C@@H]3SC2)s1,0,0.003967158496379852,BBB-,0
COc1ccc(CCN2CCN(CCCc3ccccc3I)CC2)cc1OC,1,0.6690078377723694,BBB+,1
CN1C(=O)C[C@](C)(c2ccccc2)C1=O,1,0.9818555116653442,BBB+,1
CC[C@H](C(=O)NC(N)=O)[C@H](C)CC,1,0.8357524871826172,BBB+,1
CN1CCN(CCCN2c3ccccc3Sc3ccc(Cl)cc32)CC1,1,0.9942280054092407,BBB+,1
CCC(=O)OC(OP(=O)(CCCCc1ccccc1)CC(=O)N1CC(C2CCCCC2)CC1C(=O)O)C(C)C,0,0.4179379343986511,BBB-,0
CO[C@H]1C=CO[C@@]2(C)Oc3c(C)c(O)c4c(O)c(cc(O)c4c3C2=O)NC(=O)C(C)=CC=C[C@H](C)[C@H](O)[C@H](C)[C@H](O)[C@H](C)[C@@H](OC(C)=O)[C@@H]1C,0,4.025209818792064e-07,BBB-,0
CN1CCCN([C@@H](c2ccccc2)c2ccc(Cl)cc2)CC1,1,0.9231544137001038,BBB+,1
CN(C)C[C@H]1CO[C@@]2(O1)c1ccccc1COc1ccccc12,1,0.9385209083557129,BBB+,1
CN1CC2Cc3ccc(Cl)cc3C(c3ccccc3)C2C1,1,0.9879232048988342,BBB+,1
CC(C)N1CCO[C@@H](c2cccc(C(F)(F)F)c2)C1,1,0.8406211733818054,BBB+,1
COCCN1CCC23c4c5ccc(O)c4OC2C(=O)CCC3(O)C1C5,1,0.9884316921234131,BBB+,1
CC(CCC(=O)O)C1CCC2C3C(=O)CC4CC(=O)CCC4(C)C3CC(=O)C12C,0,0.0729348286986351,BBB-,0
O=C1C2CCCCC2C(=O)N1CCCCN1CCN(c2nsc3ccccc23)CC1,1,0.9779052138328552,BBB+,1
COc1ccccc1OC[C@H]1CNC(=O)O1,1,0.9346158504486084,BBB+,1
CC(=O)O[C@H]1CC[C@]2(C)[C@@H]3CC[C@@]4(C)[C@H]([C@@H](C)CCCC(C)C)CC[C@H]4[C@@H]3C[C@H](Br)[C@@]2(Br)C1,1,0.99996018409729,BBB+,1
CCOC1CC2(C)C(CCC3C4CCC(C(C)=O)C4(C)CC(N(C)C)C32)CC1O,0,0.4186820983886719,BBB-,1
C=CCN1CCc2nc(N)sc2CC1,1,0.925199568271637,BBB+,1
CN(C)[C@@H]1C(=O)C(C(=O)NCN[C@H](C(=O)NC2C(=O)N3[C@H]2SC(C)(C)[C@@H]3C(=O)O)c2ccccc2)=C(O)C2(O)C(=O)C3=C(O)c4c(O)cccc4C(C)(O)[C@H]3C[C@@H]12,0,0.00019972838344983757,BBB-,0
O=C1C[C@@H](c2cccc(Br)c2)C(=O)N1,1,0.949124276638031,BBB+,1
CC(c1noc2ccc(Cl)cc12)n1ccnc1,1,0.8371076583862305,BBB+,1
CO/N=C(\C(=O)N[C@H]1C(=O)N(OCC(=O)O)[C@H]1C)c1csc(N)n1,0,0.032522160559892654,BBB-,0
CCS(=O)(=O)[C@H]1[C@@H](c2ccc3c(c2)OCO3)[C@@]1(COC)C(=O)O,1,0.5356153845787048,BBB+,1
CC1(C)NC(=O)[C@H](/C=C\c2ccccc2)O1,1,0.9786602854728699,BBB+,1
CC(CCC(=O)NCCS(=O)(=O)O)C1CCC2C3C(O)CC4CC(O)CCC4(C)C3CCC12C,0,0.012827516533434391,BBB-,0
COc1ccc(CCNCC(O)COc2cccc(C)c2)cc1OC,1,0.5461432337760925,BBB+,0
CC1(C)O[C@@H]2CC3C4CC[C@H]5CC(=O)CC[C@]5(C)[C@@]4(F)[C@@H](O)C[C@]3(C)[C@]2(C(=O)CO)O1,1,0.9997668862342834,BBB+,1
CC(C)c1cn(C2CC(O)C(CO)O2)c(=O)[nH]c1=O,0,0.3452478349208832,BBB-,0
N#CC(=C/c1ccc(O)cc1)/C(C#N)=C\c1ccc(O)cc1,0,0.09918027371168137,BBB-,0
CCOC(=O)C[C@@H](O)C[C@H](O)/C=C/C1=C(c2ccc(F)cc2)c2ccccc2OC12CCCC2,1,0.9818724989891052,BBB+,1
COc1ccc2c(c1)CN(C)C[C@H]2c1ccc(Cl)c(Cl)c1,1,0.7875611186027527,BBB+,1
O=C(CCCN1CCC2(CC1)C(=O)NCN2c1ccccc1)c1ccc(F)cc1,1,0.9923222661018372,BBB+,1
CC1C(NC(=O)C(=NOC(C)(C)C(=O)O)c2csc(N)n2)C(=O)N1S(=O)(=O)O,0,0.019019505009055138,BBB-,0
COCOC(=O)C1N2C(=O)C(N3C(=O)C(c4ccccc4)NC3(C)C)C2SC1(C)C,0,0.0212993361055851,BBB-,0
O=c1cc(NC2CCN(C/C=C/c3ccccc3)CC2)c2cc(Cl)ccc2o1,1,0.9607110619544983,BBB+,1
CC(C)Oc1cccc(CC(=O)N2CCC[C@](CC[N+]34CCC(c5ccccc5)(CC3)CC4)(c3ccc(Cl)c(Cl)c3)C2)c1,0,0.06823109835386276,BBB-,1
Cc1ccc(O)c([C@H](CCN(C(C)C)C(C)C)c2ccccc2)c1,0,0.48893168568611145,BBB-,0
CNCC(O)c1cccc(OC(=O)C(C)(C)C)c1,0,0.416659951210022,BBB-,0
N[C@@]1(C(=O)O)CC(=O)[C@@H]2[C@H]1[C@@]2(F)C(=O)O,0,0.22863619029521942,BBB-,1
C[C@@H]1C[C@H]2[C@@H]3C[C@H](F)C4=CC(=O)C=C[C@]4(C)[C@@]3(F)[C@@H](O)C[C@]2(C)[C@H]1C(=O)COC(=O)C(C)(C)C,1,0.9726261496543884,BBB+,1
COC1(NC(=O)CSC(F)F)C(=O)N2C(C(=O)O)=C(CSc3nnnn3CCO)COC21,0,0.08041277527809143,BBB-,0
OCC(Br)(Br)Br,1,0.9999996423721313,BBB+,1
COc1ccccc1CCCNC(=O)CCSc1ccccc1,1,0.7803389430046082,BBB+,1
CC1(C)S[C@H]2[C@@H](NC(=O)[C@@H](NC(=O)N3CCN(S(C)(=O)=O)C3=O)c3ccccc3)C(=O)N2[C@@H]1C(=O)O,0,0.014569167979061604,BBB-,0
CCOc1cc(CC(=O)N[C@@H](CC(C)C)c2ccccc2N2CCCCC2)ccc1C(=O)O,1,0.7089553475379944,BBB+,0
C[N+]1(C)C2CCC1CC(OC(=O)C(O)c1ccccc1)C2,0,0.0007484543602913618,BBB-,0
[N-]=[N+]=NCC(=O)N[C@H](CO)[C@H](O)c1ccc([N+](=O)[O-])cc1,1,0.9992882609367371,BBB+,1
CC(=O)[C@@]1(O)[C@@H](C)C[C@H]2[C@@H]3CCC4=CC(=O)C=C[C@]4(C)[C@@]3(F)[C@@H](O)C[C@@]21C,1,0.9992122650146484,BBB+,1
CO/N=C(\C(=O)N[C@@H]1C(=O)N2C(C(=O)O)=CCS[C@H]12)c1csc(N)n1,0,0.09011989086866379,BBB-,0
CCN(CC)C(=O)NC1CC2c3cccc4[nH]cc(c34)CC2N(C)C1,1,0.9858275651931763,BBB+,1
COCC1=C(C(=O)O)N2C(=O)[C@@H](NC(=O)/C(=N\OC)c3csc(N)n3)[C@H]2SC1,0,0.1373564749956131,BBB-,0
CCOC(=O)O[C@@H](C)OC(=O)[C@@H]1N2C(=O)C(/N=C/N3CCCCCC3)[C@@H]2SC1(C)C,0,0.01553006749600172,BBB-,0
O=C1c2ccccc2S(=O)(=O)N1CCCCN[C@H]1CCc2ccccc2O1,1,0.870189368724823,BBB+,1
COc1cccc2c1C(=O)c1c(O)c3c(c(O)c1C2=O)C[C@](O)(C(=O)CO)C[C@H]3O[C@H]1C[C@H](N)[C@H](O)[C@H](C)O1,0,0.06559787690639496,BBB-,0
COc1ccc2c(c1)N(CC(C)CN(C)C)c1ccccc1S2,1,0.992304265499115,BBB+,1
O=P1(N(CCCl)CCCl)OCCCN1CCCl,0,0.21362417936325073,BBB-,0
CCNc1cccnc1N1CCN(C(=O)c2cc3cc(NS(C)(=O)=O)ccc3[nH]2)CC1,1,0.7238408923149109,BBB+,0
C[C@@H](CN(C)C)O[C@@](C)(c1ccccc1)c1ccc(Cl)cc1,1,0.8570244312286377,BBB+,0
CC1(C)S[C@H]2C(NC(=O)CSc3ccccc3)C(=O)N2[C@H]1C(=O)O,0,0.008683460764586926,BBB-,0
C=CC1CN2CCC1C[C@H]2[C@@H](O)c1ccnc2ccc(OC)cc12,1,0.9866829514503479,BBB+,1
CCS(=O)(=O)[C@@H]1[C@@H](C#N)[C@@H]1c1ccc2c(c1)OCO2,1,0.946706235408783,BBB+,1
CN(C)CCCn1c2c(c3ccccc31)CCCCCC2,1,0.8843755125999451,BBB+,1
COc1ccc2c3c1O[C@H]1[C@@H](O)C=C[C@H]4[C@@H](C2)N(C)CC[C@]314,1,0.9867510199546814,BBB+,1
O=C1CC[C@H](N2C(=O)[C@H]3C4CCC(C4)[C@@H]3C2=O)C(=O)N1,1,0.8345069885253906,BBB+,1
CC1=CC2C(C(O)CC3(C)C2CC(C)C3(O)C(=O)COC(=O)c2cccc(S(=O)(=O)O)c2)C2(C)Cc3cnn(-c4ccccc4)c3C=C12,1,0.9906466007232666,BBB+,1
Clc1ccc(CSC(Cn2ccnc2)c2ccc(Cl)cc2Cl)cc1,1,0.8039032816886902,BBB+,0
C#CC1(O)CC[C@H]2[C@H]3CCc4cc(O)ccc4[C@H]3CCC21C,0,0.15157577395439148,BBB-,0
C/C=C/[C@@H]1O[C@@]2(C(=O)COC(=O)c3ccncc3)CC[C@@]3(O1)[C@@H]1CCC4=CC(=O)CC[C@@]4(C)[C@H]1[C@@H](O)C[C@]23C,1,0.9999586343765259,BBB+,1
CC(C)=CCN1CC[C@@]2(C)c3cc(O)ccc3C[C@@H]1[C@H]2C,1,0.9981141090393066,BBB+,1
CN=C1CN(O)C(c2ccccc2)=c2cc(Cl)ccc2=N1,1,0.8803638815879822,BBB+,1
C/C(=C1/CCOC(=O)S1)N(C=O)Cc1cnc(C)nc1N,1,0.9953183531761169,BBB+,1
CO[C@@H]1[C@@H](O[C@@H]2O[C@H](C)[C@@H](O[C@H]3C[C@@](C)(O)[C@@H](OC(=O)CC(C)C)[C@H](C)O3)[C@H](N(C)C)[C@H]2O)[C@@H](CC=O)C[C@@H](C)[C@@H](O)C=CC=CC[C@@H](C)OC(=O)C[C@H]1OC(C)=O,0,4.020403866888955e-05,BBB-,0
CCC(=O)OC1(C(=O)SCCl)[C@@H](C)C[C@H]2[C@@H]3C[C@H](F)C4=CC(=O)C=CC4(C)C3(F)C(O)CC21C,1,0.9993590712547302,BBB+,1
C=C1CC2C3C=CC4=CC(=O)CCC4(C)C3C(O)CC2(C)C1(O)C(=O)CO,1,0.9957077503204346,BBB+,1
C=CCN1CCC23c4c5ccc(OC(C)=O)c4OC2C(OC(C)=O)C=CC3C1C5,1,0.9983817338943481,BBB+,1
CC(=O)C1CCC2C3CCC4CC(O)CCC4(C)C3CCC12C,0,0.21896132826805115,BBB-,1
c1ccc([C@H]2CN=C3NCCN32)cc1,1,0.8802250623703003,BBB+,1
CCC(=O)NCCC1CCc2ccc3c(c21)CCO3,1,0.8718647360801697,BBB+,1
NC(=O)CN1C(=O)[C@H](c2ccccc2)c2ccccc21,1,0.8561906218528748,BBB+,1
CCCC(C)(O)C1CC23C=CC1(OC)C1Oc4c(OC(C)=O)ccc5c4C12CCN(C)C3C5,1,0.9993358254432678,BBB+,1
CC(=O)OCC1=C(C(=O)O)N2C(=O)C(NC(=O)[C@@H](N)c3ccccc3)[C@@H]2SC1,0,0.08132955431938171,BBB-,0
CC(=O)Oc1ccc(/C=C/C(=O)NCCc2ccccc2)cc1OC(C)=O,0,0.3042527735233307,BBB-,0
Clc1ccc2c(c1)/C(=C/C1CN3CCC1CC3)c1ccccc1S2,1,0.9996750354766846,BBB+,1
CN(C)CCCN1c2ccccc2Cc2ccccc21,1,0.9101018309593201,BBB+,1
C[C@@]12CCCCCC(Cc3ccc(O)cc31)[C@@H]2N,1,0.8659496307373047,BBB+,1
CC(C)=CCN1CC[C@@]2(C)c3cc(O)ccc3CC1C2C,1,0.998011589050293,BBB+,1
O=C1CC[C@H]2[C@@H]3Cc4cccc(O)c4[C@]2(CCN3CC2CC2)C1,1,0.9990049004554749,BBB+,1
CN(C)CC(c1ccc(O)cc1)C1(O)CCCCC1,1,0.6012307405471802,BBB+,1
C=C1C(CO)C(O)CC1n1cnc2c(=O)[nH]c(N)nc21,1,0.5653769373893738,BBB+,0
CCCC(=O)OC1(C(C)=O)CCCC2C3CCC4=CC(=O)C=CC4(C)C3C(O)CC21C,1,0.9947335720062256,BBB+,1
CC1(C)O[C@@H]2CC3C4C[C@H](F)C5=CC(=O)C=CC5(C)[C@@]4(Cl)C(Cl)CC3(C)[C@]2(C(=O)CO)O1,1,0.9999955892562866,BBB+,1
CC12CCC(=O)C=C1CCC1C2C(O)CC2(C=O)C(C(=O)CO)CCC12,0,0.2582499086856842,BBB-,0
COc1ccc2cc([C@H](C)C(=O)O)ccc2c1,1,0.7063050270080566,BBB+,1
CCC(CO)Nc1nc(NCc2ccccc2)c2ncn(C(C)C)c2n1,1,0.5394768118858337,BBB+,1
COC(=O)C1=C(C)NC(C)=C(C(=O)OCC(C)C)C1c1ccccc1[N+](=O)[O-],1,0.5378069281578064,BBB+,0
Cn1nc(-c2cccnc2)nc1-c1ccccc1CO,1,0.7793298363685608,BBB+,1
CO[C@@]1(NC(=O)CSCC#N)C(=O)N2C(C(=O)O)=C(CSc3nnnn3C)CS[C@H]21,0,0.02358345501124859,BBB-,0
CCCCCCC(C)(C)c1cc(O)c2c(c1)OC(C)(C)[C@H]1CCC(=O)C[C@@H]21,1,0.7743293046951294,BBB+,1
CC(C)Nc1cccnc1N1CCNCC1,1,0.8681115508079529,BBB+,1
COc1cc([C@@H]2c3cc4c(cc3[C@@H](O[C@@H]3O[C@@H]5CO[C@@H](c6cccs6)O[C@H]5[C@H](O)[C@H]3O)[C@H]3COC(=O)[C@H]23)OCO4)cc(OC)c1O,0,0.18416628241539001,BBB-,0
C=C1c2cccc(O)c2C(O)=C2C(=O)[C@]3(O)C(O)=C(C(N)=O)C(=O)[C@@H](N(C)C)[C@@H]3[C@@H](O)[C@H]12,0,0.02123716101050377,BBB-,0
CCN(CC)C(=O)CNC(=O)c1cc(OC)c(OC)c(OC)c1,1,0.806886613368988,BBB+,1
Cn1cnc([N+](=O)[O-])c1Sc1ncnc2nc[nH]c12,1,0.6448345184326172,BBB+,0
CC1(C)NC(=O)N(c2ccc([N+](=O)[O-])c(C(F)(F)F)c2)C1=O,1,0.6941835284233093,BBB+,0
CC(=O)OCC(=O)C1(O)CCC2C3CCC4=CC(=O)CCC4(C)C3C(O)CC21C,1,0.9554480910301208,BBB+,1
CC(C)(CO)[C@@H](O)C(=O)NCCCO,0,0.4056810438632965,BBB-,0
C=C1CC2C(CCC3(C)C(=O)CCC23)C2(C)C=CC(=O)C=C12,1,0.5989745259284973,BBB+,0
Cc1cc(-c2cc(N)n3nc(-c4ccccn4)nc3c2)ccn1,1,0.6886163353919983,BBB+,1
O=C(CCCl)NCc1ccccc1,1,0.7839967012405396,BBB+,1
CN1[C@H](CC(=O)c2ccccc2)CCC[C@H]1C[C@H](O)c1ccccc1,1,0.8766390085220337,BBB+,1
CO[C@H]1C=CO[C@@]2(C)Oc3c(C)c(O)c4c(O)c(c(/C=N\N5CCN(C6CCCC6)CC5)c(O)c4c3C2=O)NC(=O)C(C)=CC=C[C@H](C)[C@H](O)[C@@H](C)[C@@H](O)[C@@H](C)[C@H](OC(C)=O)[C@@H]1C,0,8.184545094991336e-07,BBB-,0
COc1cc2c(cc1OC)CN(CCc1ccc(NC(=O)c3cccc4c(=O)c5cccc(OC)c5[nH]c34)cc1)CC2,0,0.3561200201511383,BBB-,0
CN1CCN(c2c(F)cc3c(=O)c(C(=O)O)cn(CCF)c3c2F)CC1,0,0.3317531645298004,BBB-,1
O=C1C(CCC(O)c2ccc(F)cc2)C(c2ccc(O)cc2)N1c1ccc(F)cc1,1,0.9239938855171204,BBB+,0
COc1ccc(C2C(S(=O)(=O)c3ccc(Cl)cc3)C2(CN)CN)cc1,1,0.7918647527694702,BBB+,1
CCOC1CCN(C(=O)c2cc(-c3ccccc3)c(=O)n3c2-c2cc(Cl)ccc2CC3)C1,0,0.43557208776474,BBB-,1
NC(=O)C1c2ccccc2CCc2ccccc21,1,0.8415144085884094,BBB+,1
CC(=O)NCCCOc1cccc(CN2CCCCC2)c1,1,0.9127195477485657,BBB+,1
COc1ccc([C@@H]2CC(=O)Oc3c(C(C)=O)c(O)c4c(C)cc(=O)oc4c32)cc1OCC(N)=O,0,0.04294976964592934,BBB-,0
CC(=O)OCC(=O)[C@@]1(O)CC[C@@H]2[C@H]3CCC4=CC(=O)CC[C@@]4(C)[C@@H]3C(=O)C[C@@]21C,1,0.9999953508377075,BBB+,1
C[C@H]1C[C@@H]2[C@H]([C@@H](O)CC3(C)[C@H]2CCC3(O)C(=O)CO)C2(C)C=CC(=O)C=C12,1,0.9956002235412598,BBB+,1
CC(=O)C1(O)Cc2c(O)c3c(c(O)c2C(OC2CC(N)C(O)C(C)O2)C1)C(=O)c1c(O)cccc1C3=O,0,0.10064427554607391,BBB-,0
CCC1(O)C[C@H]2CN(CCc3c([nH]c4ccccc34)C(C(=O)OC)(c3cc4c(cc3OC)N(C=O)[C@@H]3C(O)(C(=O)OC)[C@@H](OC(C)=O)C5(CC)C=CCN6CCC43[C@H]65)C2)C1,0,0.18877746164798737,BBB-,0
CC(C)(C)c1cc(CN2CCN(CC(O)c3ccc(Cl)cc3)CC2)cc(C(C)(C)C)c1O,0,0.2650928199291229,BBB-,1
OCC(O)C1OC2OC(C(Cl)(Cl)Cl)OC2C1O,1,0.9998039603233337,BBB+,1
CC(=O)OCC(=O)C1(OC(=O)c2ccco2)[C@@H](C)C[C@H]2[C@@H]3CCC4=CC(=O)C=CC4(C)C3(F)[C@@H](O)CC21C,1,0.9999921321868896,BBB+,1
C/C=C/C=C/C1OC(O)(C(CC)C(=O)NC/C=C/C=C(\C)C(OC)C(C)C2OC(/C=C/C=C/C=C(\C)C(=O)c3c(O)ccn(C)c3=O)C(O)C2O)C(O)C(OC2OC(C)C(OC3OC(C)C(OC)C(O)C3OC)C(OC)C2O)C1(C)C,0,0.00014593101514037699,BBB-,0
C/C(=C\c1csc(C)n1)C1CC2OC2(C)CCCC(C)C(O)C(C)C(=O)C(C)(C)C(O)CC(=O)N1,0,0.016709575429558754,BBB-,0
CCCCCC(=O)O[C@]1(C(C)=O)CC[C@@H]2[C@@H]3C=CC4=CC(=O)CC[C@]4(C)[C@@H]3CC[C@@]21C,1,0.9997418522834778,BBB+,1
COc1cc(Br)c(C[N+]2(CCOCCC3CCC4CC3C4(C)C)CCOCC2)cc1OC,0,0.009554407559335232,BBB-,0
CN[C@H]1[C@H](O)[C@H](O[C@H]2[C@@H](N)C[C@H](N)[C@H](O[C@H]3OC(CN)=CC[C@@H]3N)[C@@H]2O)OCC1(C)O,0,1.5485349649679847e-05,BBB-,0
Cc1nnc(SCC2=C(C(=O)O)N3C(=O)C(NC(=O)Cn4cc(Cl)c(=O)c(Cl)c4)[C@@H]3SC2)s1,0,0.002086059655994177,BBB-,0
COC(=O)c1cncn1[C@@H](C)c1ccccc1,1,0.8192906379699707,BBB+,1
CN1C(=O)CC2(CCN(CCCC(=O)c3ccc(F)cc3)CC2)C1=O,1,0.998810887336731,BBB+,1
CN1CCN2c3cc(F)ccc3C(c3cccs3)=NC[C@H]2C1,1,0.9994891881942749,BBB+,1
CO[C@H]1C=CO[C@@]2(C)Oc3c(C)c(O)c4c(O)c(c(/C=N\N5CCN(C)CC5)c(O)c4c3C2=O)NC(=O)C(C)=CC=C[C@H](C)[C@H](O)[C@@H](C)[C@@H](O)[C@@H](C)[C@H](OC(C)=O)[C@@H]1C,0,7.688287837481766e-07,BBB-,0
CCOC(=O)C1=C(C)NC(C)=C(C(=O)OC)[C@H]1c1cccc([N+](=O)[O-])c1,0,0.4509369134902954,BBB-,0
COc1ccc2c3c1OC1C(O)C=CC4C(C2)N(C)CCC341,1,0.9990886449813843,BBB+,1
CCC[C@@H](C)C1(CC)C(=O)NC(=O)NC1=O,1,0.9999507665634155,BBB+,1
CC(C)C[C@H](CN)CC(=O)O,1,0.7138552069664001,BBB+,1
O=C1CN=C(c2ccccc2F)c2cc(Cl)ccc2N1C[C@@H](O)CO,1,0.9946497082710266,BBB+,1
O=[N+]([O-])OC1COC2C(O[N+](=O)[O-])COC12,0,0.1902044266462326,BBB-,0
COc1ccc2c(c1)[C@]13CCCC[C@@H]1[C@H](C2)N(C)CC3,1,0.9962579011917114,BBB+,1
C#C[C@@]1(OC(C)=O)CC[C@@H]2[C@@H]3CCC4=C[C@@H](OC(C)=O)CC[C@@H]4[C@@H]3CC[C@@]21C,1,0.9968162178993225,BBB+,1
CO/N=C(/C(=O)NC1C(=O)N2C(C(=O)O)=C(CSc3nnnn3C)CS[C@@H]12)c1csc(N)n1,0,0.03913749381899834,BBB-,0
CC(C)c1cccc(C(C)C)c1O,1,0.6980572938919067,BBB+,1
CCCC(=O)O[C@]1(C(=O)COC(C)=O)CC[C@H]2[C@@H]3C[C@H](C)C4=CC(=O)CC[C@]4(C)[C@H]3[C@@H](O)C[C@@]21C,1,0.9995840191841125,BBB+,1
CO[C@@]1(NC(=O)CSCC#N)C(=O)N2C(C(=O)O)=C(CSc3nnnn3C)CS[C@@H]21,0,0.023953303694725037,BBB-,0
CC/C=C(/C(=O)NC1C(=O)N2C(C(=O)O)=C(COC(N)=O)CS[C@@H]12)c1csc(N)n1,0,0.05897723138332367,BBB-,0
CC(=O)N(CC(O)CO)c1c(I)c(C(=O)NCC(O)CO)c(I)c(C(=O)NCC(O)CO)c1I,0,0.006550264544785023,BBB-,0
O=c1c(O[C@@H]2O[C@@H](CO)[C@@H](O)[C@H](O)[C@@H]2O)c(-c2ccc(O)c(O)c2)oc2cc(O)cc(O)c12,0,0.30562272667884827,BBB-,0
C/C=C(/CC)C(=O)NC(N)=O,1,0.7797232866287231,BBB+,1
O=C(Cc1ccc(OCc2ccccc2)cc1)Nc1ccc2cnn(CCN3CCCC3)c2c1,1,0.8071269392967224,BBB+,1
Nc1nc(NC2CC2)c2ncn([C@H]3C=C[C@H](CO)C3)c2n1,1,0.9115100502967834,BBB+,1
COC(=O)[C@H]1[C@H]2C[C@@H]3c4[nH]c5ccc(Cl)cc5c4CCN3C[C@H]2C[C@@H](OC(=O)c2cc(OC)c(OC)c(OC)c2)[C@@H]1OC,1,0.9937896132469177,BBB+,1
Cc1nnc(SCC2=C(C(=O)OCc3oc(=O)oc3C)N3C(=O)[C@H](NC(=O)[C@H](OC(=O)[C@H](C)N)c4ccccc4)[C@@H]3SC2)s1,0,0.0025056074373424053,BBB-,0
C[C@H]1C[C@H]2[C@@H]3CCC4=CC(=O)C=CC4(C)C3(Cl)[C@@H](O)CC2(C)C1(O)C(=O)CO,1,0.9995015859603882,BBB+,1
COc1ccc2c3c1O[C@H]1[C@@H](OC(=O)c4cccnc4)CC[C@H]4[C@@H](C2)N(C)CC[C@]314,1,0.9941188097000122,BBB+,1
CN(C)CCC(c1ccccc1)C1CCCCC1,1,0.8406329154968262,BBB+,1
CN1C[C@@H](NS(=O)(=O)N(C)C)C[C@@H]2c3cccc4c3c(cn4C)C[C@H]21,1,0.9311668872833252,BBB+,1
C[C@H](O)[C@H]1C(=O)N2C(C(=O)O)=C(S[C@@H]3CN[C@H](C(=O)N(C)C)C3)[C@@H](C)[C@H]12,0,0.004144054837524891,BBB-,0
CC1=C(C(=O)O)N2C(=O)[C@@H](NC(=O)Cc3ccc(C4=NCCCN4)cc3)[C@H]2SC1,0,0.05706513673067093,BBB-,0
FC(F)O[C@H](F)C(F)(F)F,1,0.8363080620765686,BBB+,1
CNC(=O)c1ccccc1Sc1ccc2c(/C=C/c3ccccn3)n[nH]c2c1,1,0.7972898483276367,BBB+,0
Clc1cccc(Cl)c1N[C@H]1N=CCN1,1,0.8470697402954102,BBB+,1
CC(=O)Cc1ccc(C(=O)Nc2cc(-c3cccs3)ccc2N)cc1,1,0.5973968505859375,BBB+,1
O=[N+]([O-])OCC(CO[N+](=O)[O-])O[N+](=O)[O-],0,0.26238417625427246,BBB-,0
Cc1cc(=O)c(C(=O)N[C@@H](C(=O)N[C@@H]2C(=O)N3C(C(=O)O)=C(CSc4nnnn4C)CS[C@@H]23)c2ccc(O)cc2)c[nH]1,0,0.01746695302426815,BBB-,0
CC(=O)OCC(=O)[C@@]12OC(C)(C)O[C@@H]1CC1C3C[C@H](F)C4=CC(=O)C=C[C@]4(C)C3[C@@H](O)C[C@@]12C,1,0.999160885810852,BBB+,1
CN1CCc2cc(Cl)c(O)cc2[C@H](c2cccc3c2OCC3)C1,1,0.7903779149055481,BBB+,1
COC1(NC(=O)CSCC(N)C(=O)O)C(=O)N2C(C(=O)O)=C(CSc3nnnn3C)CSC21,0,0.010040892288088799,BBB-,0
CC(CCC(=O)O)C1CCC2C3C(O)CC4CC(O)CCC4(C)C3CCC12C,0,0.019589489325881004,BBB-,0
OCC1OC(OC2C(CO)OC(O)(CO)C2O)C(O)C(O)C1O,0,0.44203779101371765,BBB-,0
Oc1cccc(-c2c3nc(c(-c4cccc(O)c4)c4ccc([nH]4)c(-c4cccc(O)c4)c4nc(c(-c5cccc(O)c5)c5ccc2[nH]5)CC4)C=C3)c1,0,0.3622764050960541,BBB-,0
CCOc1ccc(Cc2cc([C@]34OC[C@](CO)(O3)[C@@H](O)[C@H](O)[C@H]4O)ccc2Cl)cc1,0,0.4744800627231598,BBB-,0
CCC(CO)NC(=O)C1C=C2c3cccc4c3c(cn4C)CC2N(C)C1,1,0.7361894249916077,BBB+,1
C[C@H]1C[C@H]2[C@@H]3C[C@H](F)C4=CC(=O)C=CC4(C)[C@H]3[C@@H](O)CC2(C)C1(O)C(=O)CO,1,0.9962338805198669,BBB+,1
CC(=O)OCC(=O)C1(O)CCC2C3CC(Cl)C4=CC(=O)C=CC4(C)C3C(=O)CC21C,1,0.9990371465682983,BBB+,1
CN1CCC23c4c5ccc(O)c4OC2C(O)CCC3(O)C1C5,1,0.9955735206604004,BBB+,1
CC=CC(=O)N(CC)[C@H](CC)C(=O)N(C)C,1,0.8517862558364868,BBB+,1
C=C1C(=O)OC2C1CCC1(C)OC13CC=C(C)C23,1,0.9631175994873047,BBB+,0
CC(C)(C)C(=O)OCOC(=O)C1N2C(=O)[C@@H](N=CN3CCCCCC3)[C@H]2SC1(C)C,0,0.01657557114958763,BBB-,0
C=C1CC2C3CCC4=CC(=O)C=C[C@]4(C)C3[C@@H](O)C[C@]2(C)[C@@]1(O)C(=O)CO,1,0.9999208450317383,BBB+,1
O[C@@H](CN1CCCCC1)c1cc(-c2ccccc2)on1,1,0.9237750172615051,BBB+,1
C/C(=C(/CCOC(=O)c1ccccc1)SS/C(CCOC(=O)c1ccccc1)=C(\C)N(C=O)Cc1cnc(C)nc1N)N(C=O)Cc1cnc(C)nc1N,1,0.9999998807907104,BBB+,1
Cc1c(C(C)C)c(=O)n(-c2ccccc2)n1C,1,0.6686126589775085,BBB+,0
COc1cccc2c1C(=O)c1c(O)c3c(c(O)c1C2=O)CC(O)(C(=O)CO)CC3OC1CC(N)C(OC2CCCCO2)C(C)O1,0,0.0535588264465332,BBB-,0
C[C@@H]1C[C@@H]2[C@@H]3CCC4=CC(=O)C=C[C@]4(C)[C@]3(F)[C@@H](O)C[C@]2(C)[C@@]1(O)C(=O)CO,1,0.9999597072601318,BBB+,1
OCC(O)COc1ccc(Cl)cc1,1,0.7944995760917664,BBB+,1
CO/N=C(\C(=O)N[C@H]1C(=O)N2C(C(=O)O)=CCS[C@@H]12)c1csc(N)n1,0,0.12848246097564697,BBB-,0
CC[C@@]1(c2ccccc2)C(=O)NC(=O)N(C(=O)c2ccccc2)C1=O,1,0.9998537302017212,BBB+,1
CN1CCc2cc(Cl)c(O)cc2[C@@H](c2cc(Br)cc3c2OCC3)C1,1,0.7840192914009094,BBB+,1
CC12CC(N)[C@@H]1CN(c1nc3c(cc1F)c(=O)c(C(=O)O)cn3C1CC1)C2,0,0.06588833034038544,BBB-,0
C#CC1(OC(C)=O)CCC2C3CCC4=CC(OC(C)=O)CCC4C3CCC21C,0,0.12915098667144775,BBB-,0
CN1C2CC(OC(=O)C(CO)c3ccccc3)CC1C1OC12,1,0.9281888604164124,BBB+,1
C=CC1=C(C(=O)O)N2C(=O)C(NC(=O)C(=NOCC(=O)O)c3csc(N)n3)C2SC1,0,0.013914025388658047,BBB-,0
C[C@@H](Oc1cccc2ccccc12)C(N)=NO,1,0.8032463192939758,BBB+,1
CN1C[C@@H](C(=O)NC2(C)OC3(O)[C@@H]4CCCN4C(=O)[C@H](Cc4ccccc4)N3C2=O)C[C@H]2c3cccc4[nH]cc(c34)C[C@@H]21,1,0.8408780694007874,BBB+,0
CC(=O)O[C@H]1C[C@@]2(C)[C@@H](C[C@@H](O)[C@@H]3[C@]4(C)CC[C@@H](O)[C@@H](C)[C@@H]4CC[C@]32C)/C1=C(/CCC=C(C)C)C(=O)O,0,0.04803488403558731,BBB-,1
Cc1c(O)c(=O)ccn1CCCO,1,0.7018247246742249,BBB+,0
CC(C)CC1C(=O)N2CCC[C@H]2C2O[C@](NC(=O)[C@@H]3C=C4c5cccc6[nH]c(Br)c(c56)C[C@H]4N(C)C3)(C(C)C)C(=O)N12,0,0.18731245398521423,BBB-,1
COC(=O)C[C@H](c1coc2ccccc2c1=O)c1c(O)cc(C)n(CCc2ccc(O)cc2)c1=O,0,0.16472262144088745,BBB-,1
CCCCOCC(CN1C(=O)NC(=O)C(CC)(c2ccccc2)C1=O)OC(N)=O,1,0.99921715259552,BBB+,1
C=CCN1C[C@H](C(=O)N(CCCN(C)C)C(=O)NCC)C[C@@H]2c3cccc4[nH]cc(c34)C[C@@H]21,1,0.9823511838912964,BBB+,1
CC[S@@]1(O)C(=O)OCc2c1cc1n(c2=O)Cc2cc3cc(CN(C)C)c(O)cc3nc2-1,0,0.2175595760345459,BBB-,1
CC(=O)OCC(=O)[C@]1(O)[C@H](C)C[C@H]2[C@@H]3CC(F)(F)C4=CC(=O)C=C[C@]4(C)[C@@]3(F)[C@H](O)C[C@]21C,1,0.9997956156730652,BBB+,1
CCc1ccc2c(c1)N(C[C@H](C)CN(C)C)c1ccccc1S2,1,0.9937503933906555,BBB+,1
Clc1cccc(C(c2ccc3nc[nH]c3c2)n2ccnc2)c1,1,0.6669671535491943,BBB+,1
CC1(O)CCC2C3CCC4=CC(=O)CCC4(C)C3(F)C(O)CC21C,1,0.7414766550064087,BBB+,0
CC/C(=C(\c1ccccc1)c1ccc(OCCN(C)C)cc1)c1ccccc1,1,0.8132411241531372,BBB+,1
COC(=O)[C@H]1[C@H]2C[C@H]3c4[nH]c5ccccc5c4CCN3C[C@H]2C[C@H](OC(=O)c2cc(OC)c(OC)c(OC)c2)[C@H]1OC,1,0.9287145733833313,BBB+,1
C=CCN1CC[C@@]23c4c5ccc(OC(C)=O)c4O[C@@H]2[C@@H](OC(C)=O)C=C[C@H]3[C@H]1C5,1,0.9993010759353638,BBB+,1
COc1ccc2c3c1O[C@H]1C[C@@H](O)C=C[C@@]31CCN(C)C2,1,0.979075014591217,BBB+,1
CC(C)C[C@H](OC(=O)c1ccco1)C(=O)N[C@@H]1C(=O)N2[C@@H]1SC(C)(C)[C@H]2C(=O)O,0,0.02714635245501995,BBB-,0
O=C(NCc1nc(-c2ccc(Cl)cc2)no1)c1ccc(CN2CCOCC2)cc1,1,0.6145516037940979,BBB+,1
CCN1CCC[C@H]1CNC(=O)c1c(O)c(Cl)cc(Cl)c1OC,0,0.4220156669616699,BBB-,1
N#Cc1ccsc1C1=Nc2ccc(Cl)cc2NC(=O)C1,1,0.8359024524688721,BBB+,1
CC1(C)S[C@H]2C(NC(=O)Cc3ccccc3)C(=O)N2[C@H]1C(=O)O,0,0.010496066883206367,BBB-,0
CC(=O)OCC(=O)C1(OC(C)=O)[C@@H](C)C[C@H]2[C@@H]3C[C@H](F)C4=CC(=O)C=CC4(C)C3(F)[C@@H](O)CC21C,1,0.9999862909317017,BBB+,1
[C-]#[N+]C(=C\c1ccc(O)cc1)/C(=C/c1ccc(O)cc1)[N+]#[C-],1,0.8090112805366516,BBB+,0
O=C1CC[C@@]2(O)[C@@H]3Cc4ccc(O)c5c4[C@]2(CCN3CC2CC2)[C@@H]1O5,1,0.9993513226509094,BBB+,1
Cc1cccc2c1Oc1ccccc1[C@]1(O)CCN(C)C[C@H]21,1,0.9889100193977356,BBB+,1
COC(=O)C[C@@H](c1cc(OC)c2c(c1)OCCO2)c1c(O)c(C(=O)OC)c[nH]c1=O,0,0.17814528942108154,BBB-,1
Oc1ccc2c(c1)[C@]13CCN(CC4CC4)[C@H](C2)[C@@H]1CCOC3,1,0.9972742199897766,BBB+,1
O=C(Cc1ccc(Cl)c(Cl)c1)N1CCc2occc2C1CN1CCCC1,1,0.8928414583206177,BBB+,1
CN1C(=O)C[C@H](c2ccccc2)C1=O,1,0.9888635873794556,BBB+,1
C[C@]12C[C@@H](O)[C@@]3(F)[C@@H](CCC4=CC(=O)C=C[C@@]43C)[C@@H]1C[C@H](O)[C@]2(O)C(=O)CO,1,0.9907922744750977,BBB+,1
NC(=O)C1C=CN(C[C@H]2CS[C@@H]3[C@@H](NC(=O)[C@H](c4ccccc4)S(=O)(=O)O)C(=O)N3[C@H]2C(=O)O)C=C1,0,0.10922662168741226,BBB-,0
CC(=O)Oc1ccc(C(c2ccc(OC(C)=O)cc2)c2ccccn2)cc1,0,0.4896722137928009,BBB-,0
CO/N=C(\C(=O)N[C@H]1C(=O)N2C(C(=O)O[C@H](C)OC(C)=O)=C(COC(N)=O)CS[C@@H]12)c1ccco1,0,0.2628006041049957,BBB-,0
CCC(=O)O[C@@]1(C(=O)SCF)[C@H](C)C[C@H]2[C@H]3C[C@H](F)C4=CC(=O)C=C[C@@]4(C)[C@@]3(F)[C@H](O)C[C@]21C,1,0.9990660548210144,BBB+,1
COCOC(=O)[C@H]1N2C(=O)[C@@H](N3C(=O)[C@H](c4ccccc4)NC3(C)C)[C@H]2SC1(C)C,0,0.009415315464138985,BBB-,0
COc1ccc2c3c1O[C@H]1C(=O)CC[C@]4(O)[C@@H](C2)N(C)CC[C@]314,1,0.9913649559020996,BBB+,1
CC(=O)OCC(=O)[C@@]1(O)[C@@H](C)C[C@H]2[C@H]3CCC4=CC(=O)C=C[C@@]4(C)[C@@]3(F)[C@H](O)C[C@]21C,1,0.9999886751174927,BBB+,1
CC12CCC(=O)C=C1CC[C@H]1[C@@H]2CCC2(C)C(O)CC[C@@H]12,0,0.2844860255718231,BBB-,1
CC(C)C[C@H](N)C(=O)N[C@@H](CCCN)C(=O)N[C@@H](C(=O)N[C@@H](CCCN)C(=O)N1CCC[C@H]1C(=O)N[C@H](C=O)Cc1ccccc1)C(C)C,0,0.029820652678608894,BBB-,0
CNCC[C@@H](Oc1ccccc1OC)c1ccccc1,1,0.8887954354286194,BBB+,1
Oc1ccc2c3c1O[C@@H]1[C@@H](O)C=C[C@H]4[C@H](C2)NCC[C@@]314,1,0.9982249140739441,BBB+,1
CC1CCN(CCC2CCN2S(=O)(=O)C2=CC(O)=CCC2)CC1,1,0.8889546394348145,BBB+,1
CC(=O)OCC(=O)C12N=C(C)O[C@H]1C[C@H]1[C@@H]3CCC4=CC(=O)C=CC4(C)[C@H]3C(O)CC12C,1,0.9998675584793091,BBB+,1
COC[C@@H]1CN(c2ccc(OCc3cccc(C#N)c3)cc2)C(=O)O1,1,0.8071916103363037,BBB+,1
CC(=O)OCC(=O)[C@@]1(OC(C)=O)[C@@H](C)C[C@H]2C3C[C@H](F)C4=CC(=O)C=C[C@]4(C)[C@@]3(F)[C@@H](O)C[C@@]21C,1,0.9999854564666748,BBB+,1
Cc1cc(Br)cnc1NC(=O)C(C)(C)C,1,0.5326464772224426,BBB+,0
CC[C@@H](C)[C@H]1[C@H](C)[C@H]2C[C@]3(C[C@@H]4C[C@H](C/C=C(/C)[C@@H](O[C@@H]5C[C@@H](OC)[C@@H](O[C@H]6C[C@@H](OC)[C@@H](O)[C@H](C)O6)[C@H](C)O5)[C@@H](C)C=CC=C5CO[C@@H]6[C@@H](O)C(C)=C[C@H](C(=O)O4)[C@]56O)O3)O[C@@H]12,0,0.009630941785871983,BBB-,1
C=C1C[C@@H]2CC[C@@]34C[C@H]5O[C@H]6[C@@H](O3)[C@H]3OC(CC[C@@H]3O[C@H]6[C@H]5O4)CC(=O)C[C@H]3[C@H](C[C@H]4O[C@@H](CC[C@@H]1O2)C[C@@H](C)C4=C)O[C@H](C[C@H](O)CN)[C@@H]3OC,0,0.05419626086950302,BBB-,0
CCCCC(=O)OC1(C(=O)CO)CC[C@H]2[C@@H]3CCC4=CC(=O)C=CC4(C)[C@H]3[C@@H](O)CC21C,1,0.9991061091423035,BBB+,1
CC(C)(C)NCC(O)c1ccccc1F,1,0.7279676198959351,BBB+,1
CC(CN(C)C)OC(C)(c1ccccc1)c1ccc(Cl)cc1,1,0.8694722056388855,BBB+,0
Cc1c(F)c(N2CCN[C@@H](C)C2)cc2c1c(=O)c(C(=O)O)cn2C1CC1,0,0.338367760181427,BBB-,0
CC(C)(C)[C@]1(O)CCN2C[C@H]3c4ccccc4CCc4cccc(c43)[C@@H]2C1,1,0.9736122488975525,BBB+,1
CCN(CC)CCOC(=O)C1N2C(=O)C(NC(=O)c3c(OC)cccc3OC)C2SC1(C)C,0,0.017802288755774498,BBB-,0
CC1(C)S[C@@H]2[C@H](NC(=O)[C@H](NC(=O)c3c[nH]c4cccnc4c3=O)c3ccccc3)C(=O)N2[C@H]1C(=O)O,0,0.013531524688005447,BBB-,0
CC(C)C1CCC(C(=O)N[C@@H](Cc2ccccc2)C(=O)N2CCCC[C@H]2c2cccnc2)CC1,0,0.4937919080257416,BBB-,0
NC[C@H]1O[C@H](O[C@@H]2[C@@H](N)C[C@@H](N)[C@H](OC3O[C@H](CO)[C@@H](O)[C@H](N)[C@H]3O)[C@H]2O)[C@H](O)[C@@H](O)[C@@H]1O,0,0.0011437844950705767,BBB-,0
CCOC(=O)[C@H]1N=C(c2ccccc2F)c2cc(Cl)ccc2NC1=O,1,0.9986201524734497,BBB+,1
C[C@H](C(=O)O)c1ccc([C@@H]2CCCC(=NO)C2)cc1,1,0.707938015460968,BBB+,1
CNC(=O)c1cc(Oc2ccc(NC(=O)Nc3ccc(Cl)c(C(F)(F)F)c3)c(F)c2)ccn1,1,0.6874436736106873,BBB+,0
CS(=O)(=O)OCC(O)C(O)COS(C)(=O)=O,1,0.7201624512672424,BBB+,0
COC(OC)C(=O)C12OC(C)(C)OC1CC1C3CC(F)C4=CC(=O)C=CC4(C)C3(F)C(O)CC12C,1,0.9999653100967407,BBB+,1
CCS(=O)(=O)CCN1C(=O)CN=C(c2ccccc2F)c2cc(Cl)ccc21,1,0.9958751797676086,BBB+,1
CC(C)c1c(C(=O)Nc2ccccc2)c(-c2ccccc2)c(-c2ccc(F)cc2)n1CC[C@@H](O)C[C@@H](O)CC(=O)O,1,0.7734298706054688,BBB+,0
COc1ccc(NC(=O)C[C@H]2OC(=O)c3c2ccc(OC)c3OC)cc1N1CCCS1(=O)=O,0,0.45330408215522766,BBB-,1
CNC[C@@H](O)c1cccc(OC(=O)C(C)(C)C)c1,1,0.5125640630722046,BBB+,0
CN1CCN(CC/C=C2\c3ccccc3Sc3ccc(S(=O)(=O)N(C)C)cc32)CC1,1,0.985039234161377,BBB+,1
CC(C)(CO)C(O)C(=O)NCCCC(=O)O,0,0.1611550748348236,BBB-,1
OCCCOc1cccc(CN2CCCCC2)c1,1,0.8620501160621643,BBB+,1
CN(C)CCCN1c2ccccc2[S+]([O-])c2ccccc21,1,0.969005823135376,BBB+,1
O=C(O)c1cc(N=Nc2ccc(O)c(C(=O)O)c2)ccc1O,0,0.08745501190423965,BBB-,0
CC1(C)[C@H](NC/C(=N\OCC(=O)O)c2csc(N)n2)C(=O)N1OS(=O)(=O)O,0,0.01321997307240963,BBB-,0
Nc1ccccc1NC(=O)c1ccc(CNC(=O)OCc2ccccc2)cc1,1,0.6948780417442322,BBB+,1
C=C1/C(=C/C=C2\CCCC3(C)C2CCC3C(C)CCCC(C)(C)O)CC(O)C(OCCCO)C1O,0,0.011852757073938847,BBB-,0
O=C1NC(=O)N([C@H]2O[C@@H](CO)[C@@H](O)[C@@H]2O)C[C@H]1C=CBr,1,0.9155552983283997,BBB+,1
CO[C@@H]1C[C@H](O[C@@H]2[C@@H](C)[C@H](O[C@@H]3O[C@@H](C)C[C@H](N(C)C)[C@H]3OC(C)=O)[C@H](C)C[C@@]3(CO3)C(=O)[C@@H](C)[C@@H](OC(C)=O)[C@H](C)[C@@H](C)OC(=O)[C@@H]2C)O[C@H](C)[C@H]1OC(C)=O,0,5.096879029942158e-10,BBB-,0
CN[C@@H](C)[C@H](O)c1ccccc1,1,0.6315090656280518,BBB+,0
CC(C)(Oc1ccc(CCNC(=O)c2ccc(Cl)cc2)cc1)C(=O)O,0,0.3164710998535156,BBB-,0
CN1C[C@H](C(=O)N[C@]2(C)O[C@@]3(O)[C@@H]4CCCN4C(=O)[C@H](Cc4ccccc4)N3C2=O)C=C2c3cccc4[nH]cc(c34)C[C@H]21,0,0.250695139169693,BBB-,1
C=CCN1CCC23c4c5ccc(O)c4OC2C(O)C=CC3C1C5,1,0.9991831183433533,BBB+,1
CCC[C@H]1O[C@@]1(CC)C(N)=O,1,0.9584810733795166,BBB+,1
O=C(O)CN1C(=O)c2cccc3cccc(c23)C1=O,0,0.39818501472473145,BBB-,1
CCOC(=O)CC(O)CC(O)C=CC1=C(c2ccc(F)cc2)c2ccccc2OC12CCCC2,1,0.9696341156959534,BBB+,1
c1ccc2c(c1)Sc1ccccc1N2C[C@H]1CN2CCC1CC2,1,0.9989570379257202,BBB+,1
O=c1n(CCCN2CCN(c3cccc(Cl)c3)CC2)nc2ccccn12,1,0.8671260476112366,BBB+,1
COC1(NC(=O)CSCC#N)C(=O)N2C(C(=O)O)=C(CSc3nnnn3C)CS[C@H]21,0,0.016665790230035782,BBB-,0
CN1CCC2(O)c3ccccc3Oc3ccc(Cl)cc3C2C1,1,0.9848380088806152,BBB+,1
NC(=O)CN1CC(O)CC1=O,1,0.7642350792884827,BBB+,1
Clc1ccc([C@@H]2[C@H]3CC[C@@H](C3)C23CCC(N2CCOCC2)=N3)cc1,1,0.8690748810768127,BBB+,1
C=N[C@H](C(=O)N[C@@H]1C(=O)N2[C@@H](C(=O)O)C(C)(C)S[C@H]12)c1ccccc1,0,0.038299065083265305,BBB-,0
O=C1CN=C(c2ccccc2)c2cc([N+](=O)[O-])ccc2N1,1,0.9594965577125549,BBB+,1
C[C@@H]1C[C@H]2C3C[C@H](F)C4=CC(=O)C=C[C@]4(C)[C@@]3(Cl)[C@@H](O)C[C@]2(C)[C@H]1C(=O)COC(=O)C(C)(C)C,1,0.9837092161178589,BBB+,1
Cc1[nH]nc2c1N(c1ccccc1)C(=O)CC(=O)N2C,1,0.7451480031013489,BBB+,1
O=C(Cc1ccc(Cl)c(Cl)c1)N1CCn2ccnc2[C@@H]1CN1CC[C@H](O)C1,1,0.6613466143608093,BBB+,0
Cc1cccc(C)c1NC(=O)CN1CCCC1=O,1,0.6433644890785217,BBB+,1
C=CC[C@]1([C@H](C)C#CCC)C(=O)NC(=O)N(C)C1=O,1,0.9999029636383057,BBB+,1
CNCCC(Oc1ccccc1OC)c1ccccc1,1,0.8637412190437317,BBB+,1
CC[C@@H](Oc1ccccc1)C(=O)N[C@H]1C(=O)N2[C@H]1SC(C)(C)[C@@H]2C(=O)O,0,0.033646855503320694,BBB-,0
CC(=O)OCC(=O)[C@]1(O)[C@H](C)C[C@@H]2[C@H]3CCC4=CC(=O)C=C[C@@]4(C)[C@]3(F)[C@@H](O)C[C@]21C,1,0.9999849796295166,BBB+,1
CN[C@@H]1[C@H](O[C@H]2[C@@H](O[C@H]3[C@@H](O)[C@@H](O)[C@@H](NC(=N)N)[C@@H](O)[C@@H]3NC(=N)N)O[C@@H](C)[C@@]2(O)C=O)O[C@@H](CO)[C@@H](O)[C@H]1O,0,5.282607844492304e-07,BBB-,0
CCN1CCC[C@H]1CNC(=O)c1c(OC)ccc(Br)c1OC,1,0.7816951274871826,BBB+,1
CC[C@@H]1OC(=O)[C@H](C)[C@H](O[C@H]2C[C@](C)(OC)[C@H](O)[C@@H](C)O2)[C@H](C)[C@H](O[C@H]2O[C@H](C)C[C@@H](N(C)C)[C@@H]2O)[C@](C)(O)C[C@H](C)C(=O)[C@@H](C)[C@H](O)[C@H]1C,0,1.208602018465399e-08,BBB-,0
COC(C(=O)NC1C(=O)N2C1SC(C)(C)C2C(=O)O)c1ccc(Cl)c(Cl)c1,0,0.021906763315200806,BBB-,0
COc1ccc([C@H]2CNC(=O)C2)cc1OC1CCCC1,1,0.8487517237663269,BBB+,1
CN1CCCN=C1C=Cc1cccs1,1,0.6994650363922119,BBB+,0
CN1CCC23c4c5ccc(O)c4OC2C(O)C=CC3C1C5,1,0.998482882976532,BBB+,1
CC=CC=CC1OC(O)(C(CC)C(=O)NCC=CC=C(C)C(OC)C(C)C2OC(C=CC=CC=C(C)C(=O)c3c(O)ccn(C)c3=O)C(O)C2O)C(O)C(OC2OC(C)C(OC3OC(C)C(OC)C(O)C3OC)C(OC)C2O)C1(C)C,0,0.00014593101514037699,BBB-,0
CC1OC(OC2C(CO)OC(OC3C(CO)OC(O)C(O)C3O)C(O)C2O)C(O)C(O)C1NC1C=C(CO)C(O)C(O)C1O,0,0.002219056012108922,BBB-,0
COCOC(=O)C1N2C(=O)C(N3C(=O)C(c4ccc(O)cc4)NC3(C)C)C2SC1(C)C,0,0.0071030268445611,BBB-,0
C[C@]1(c2ccccc2)O[C@H]2C[C@H]3[C@H]4CCC5=CC(=O)C=C[C@@]5(C)[C@@]4(F)[C@H](O)C[C@@]3(C)[C@]2(C(=O)CO)O1,1,0.998250424861908,BBB+,1
O=C(Cc1ccc(C(F)(F)F)cc1)N1CCCCC1CN1CCCC1,1,0.8441731929779053,BBB+,1
CCOC(=O)N[C@@H](O)C(Cl)(Cl)Cl,1,0.9999929666519165,BBB+,1
CN(N=O)C(=O)N[C@H]1[C@@H](O)O[C@H](CO)[C@@H](O)[C@@H]1O,0,0.11661843210458755,BBB-,0
CC(C)CN(CC(OP(=O)(O)O)C(Cc1ccccc1)NC(=O)OC1CCOC1)S(=O)(=O)c1ccc(N)cc1,1,0.6768789887428284,BBB+,0
CN1CC(CSc2ccccn2)C=C2c3cccc4[nH]cc(c34)CC21,1,0.9568110108375549,BBB+,1
CCCCCCCCCCCCCCCCCCCCCCO,1,0.8066859841346741,BBB+,0
CC(=C(CCO)SSC[C@H]1CCCO1)N(C=O)Cc1cnc(C)nc1N,1,0.9998459815979004,BBB+,1
CN1[C@H]2CC[C@H]1[C@@H](CC(=O)O)[C@@H](OC(=O)c1ccccc1)C2,1,0.6988523006439209,BBB+,0
c1csc(Cc2ccccc2OC[C@@H]2CNCCO2)c1,1,0.8656663298606873,BBB+,1
NS(=O)(=O)c1cc2c(cc1Cl)NC(CSCc1ccccc1)=NS2(=O)=O,0,0.27246129512786865,BBB-,0
CC12C=C(Br)C(=O)C=C1[C@H](F)CC1[C@@H]3CC[C@](O)(C(=O)CO)[C@@]3(C)C[C@H](O)[C@@]12F,1,0.9996908903121948,BBB+,1
CCCC(=O)O[C@]1(C(C)=O)CCC[C@H]2[C@@H]3CCC4=CC(=O)C=C[C@]4(C)[C@H]3[C@@H](O)C[C@@]21C,1,0.9979292154312134,BBB+,1
CCS(=O)(=O)[C@H]1[C@@H](C(N)=S)[C@@H]1c1ccc(OC)cc1,1,0.9029310941696167,BBB+,1
OCc1ccccc1O[C@@H]1O[C@H](CO)[C@@H](O)[C@H](O)[C@H]1O,1,0.802638828754425,BBB+,1
O=C(N/N=C/c1ccc([N+](=O)[O-])o1)c1ccc(O)cc1,0,0.4278496205806732,BBB-,0
CO[C@]12[C@H](COC(N)=O)C3=C(C(=O)C(C)=C(N)C3=O)N1C[C@@H]1N[C@@H]12,0,0.14111539721488953,BBB-,0
Cn1cnc2c1c(=O)[nH]c(=O)n2C,1,0.7096022367477417,BBB+,1
O=C(Cc1ccc(Cl)c(Cl)c1)N1CCn2ccnc2[C@@H]1CN1CCCC1,1,0.9045284986495972,BBB+,1
CC(=O)[C@@H]1CC[C@H]2[C@@H]3CC[C@H]4C[C@@H](O)CC[C@]4(C)[C@@H]3CC[C@]21C,1,0.7860462069511414,BBB+,1
CN1CCC23c4c5ccc(O)c4OC2C(=O)CC[C@@H]3C1C5,1,0.997444748878479,BBB+,1
CN(C)CC[C@H](c1ccccc1)C1CCCCC1,1,0.8421313762664795,BBB+,1
CC(=O)NC(CCC(N)=O)C(=O)O,1,0.7848663330078125,BBB+,1
CNCC[C@@H](Oc1cccc2ccccc12)c1cccs1,1,0.9110223054885864,BBB+,1
CC(C)(O/N=C(/C(=O)N[C@H]1C(=O)N2C(C(=O)O)=C(CN3C=CCC=C3)CS[C@H]12)c1csc(N)n1)C(=O)O,0,0.00566903967410326,BBB-,0
C[C@@H]1C[C@H]2[C@@H]3CC(F)(F)C4=CC(=O)C=C[C@]4(C)[C@@]3(F)[C@H](O)C[C@]2(C)[C@@]1(O)C(=O)CO,1,0.9999434947967529,BBB+,1
CO[C@@]1(NC(=O)C(C(=O)O)c2ccsc2)C(=O)N2[C@@H](C(=O)O)C(C)(C)S[C@@H]21,0,0.010111818090081215,BBB-,0
c1ccc(CN(CC2=NCCN2)c2ccccc2)cc1,1,0.5572443604469299,BBB+,0
CNC(=O)CCN1CCN(CC/C=C2\c3ccccc3Sc3ccc(Cl)cc32)CC1,1,0.9935448169708252,BBB+,1
CCN(CC)CCNC(=O)c1ccc(N)c(Cl)c1,1,0.6967692971229553,BBB+,1
Cc1cccc(C=NN2CCN(C(c3ccccc3)c3ccccc3)CC2)n1,1,0.8121617436408997,BBB+,1
C[C@@H](CC(=O)N1CCc2[nH]ncc2C1)N1CCOCC1,1,0.8518125414848328,BBB+,0
CCN(CC)CC(=O)OCC(=O)[C@]1(O)CC[C@H]2[C@@H]3CCC4=CC(=O)CC[C@@]4(C)[C@H]3[C@@H](O)C[C@]21C,1,0.9811821579933167,BBB+,1
CC(=O)Nc1nnc(S(N)(=O)=O)s1,1,0.6058833599090576,BBB+,1
C/C=C/C(=O)N(CCC)[C@@H](CC)C(=O)N(C)C,1,0.8764689564704895,BBB+,1
CCCCOC[C@H](CN1C(=O)NC(=O)[C@](CC)(c2ccccc2)C1=O)OC(N)=O,1,0.9992801547050476,BBB+,1
CN(C)[C@@H]1C(O)=C(C(N)=O)C(=O)C2(O)C(O)=C3C(=O)c4c(O)cccc4C(C)(O)[C@H]3C[C@@H]12,0,0.09086519479751587,BBB-,0
CN(C)C1=NC(=O)[C@@H](c2ccccc2)O1,1,0.9096051454544067,BBB+,1
CCCC(=O)O[C@@]1(C(=O)CCl)[C@H](C)C[C@H]2[C@H]3CCC4=CC(=O)C=C[C@@]4(C)[C@@]3(F)C(=O)C[C@]21C,1,0.9999748468399048,BBB+,1
C#C[C@]1(O)CC[C@H]2[C@H]3CCC4=Cc5c(cnn5-c5ccc(F)cc5)C[C@@]4(C)[C@@H]3CC[C@@]21C,1,0.8331374526023865,BBB+,1
CCC(=O)N(c1ccccc1)C1CCN(CCc2ccccc2)CC1,1,0.9587789177894592,BBB+,1
Cc1ccccc1-n1c(/C=C/c2ccccn2)nc2ccccc2c1=O,1,0.787273645401001,BBB+,1
ClC1C(Cl)C(Cl)C(Cl)C(Cl)C1Cl,1,0.9999985694885254,BBB+,0
CC(C)(C)C(=O)OCOC(=O)[C@H]1N2C(=O)[C@@H](N=CN3CCCCCC3)[C@H]2SC1(C)C,0,0.01309927087277174,BBB-,0
COC(=O)C[C@H](c1ccccc1)c1c(O)cc(C)oc1=O,0,0.4040988087654114,BBB-,1
CC12CCC3c4ccc(O)cc4CC(CCCCCCCCC[S+]([O-])CCCC(F)(F)C(F)(F)F)C3C1CCC2O,0,0.07981164008378983,BBB-,0
COc1ccc2c3c1O[C@H]1C(OC(C)=O)=CC[C@H]4[C@@H](C2)N(C)CC[C@@]314,1,0.9980810880661011,BBB+,1
CS(=O)(=O)[C@H]1[C@H](c2ccc3c(c2)OCO3)[C@@]1(CN)CO,1,0.5180938243865967,BBB+,1
C[C@H](O)C(=O)Nc1c(I)c(C(=O)NC(CO)CO)c(I)c(C(=O)NC(CO)CO)c1I,0,0.017536040395498276,BBB-,0
CON(C)Cc1ccc(O)c2c1C[C@H]1C[C@H]3[C@H](N(C)C)C(=O)C(C(N)=O)=C(O)[C@@]3(O)C(=O)C1=C2O,0,0.030893778428435326,BBB-,0
O=C(c1ccc(C(=O)N2CCN(c3ccc(OC4CCN(C5CCC5)CC4)cc3)C(=O)C2)cc1)N1CCC1,1,0.7312294840812683,BBB+,1
N#CC(CCN1CCC(C(=O)O)(c2ccccc2)CC1)(c1ccccc1)c1ccccc1,1,0.888684093952179,BBB+,0
COc1ccc2c(c1)N(CC(C)CN1CCC(O)CC1)c1ccccc1S2,1,0.9955992698669434,BBB+,1
Oc1ccc2c(c1)[C@]13CCCC[C@]1(O)[C@H](C2)N(CC1CC1)CC3,1,0.9992978572845459,BBB+,1
CO/N=C(\C(=O)N[C@H]1C(=O)N2C(C(=O)O)=C(CSC(=O)c3ccco3)CS[C@H]12)c1csc(N)n1,0,0.05973226577043533,BBB-,0
CN[C@H]1[C@H](O)[C@H](O[C@@H]2[C@@H](N)C[C@@H](N)[C@H](O[C@@H]3O[C@@H](CN)CC[C@@H]3N)[C@H]2O)OC[C@@]1(C)O,0,7.256568096636329e-06,BBB-,0
CCc1ccc2c(c1)N(CC(C)CN(C)C)c1ccccc1S2,1,0.993602454662323,BBB+,1
CO[C@H]1C[C@H](O[C@H]2[C@H](C)O[C@@H](O[C@@H]3C(C)=CC[C@@H]4C[C@@H](C[C@]5(CC[C@H](C)[C@@H](C(C)C)O5)O4)OC(=O)[C@@H]4C=C(C)[C@@H](O)[C@H]5OCC(=CC=C[C@@H]3C)[C@@]45O)C[C@@H]2OC)O[C@@H](C)[C@@H]1O,0,0.027774935588240623,BBB-,0
CC[C@@H]1OC(=O)[C@@H](C)C(=O)[C@H](C)[C@@H](O[C@@H]2O[C@@H](C)C[C@@H](N(C)C)[C@@H]2O)[C@](C)(OC)C[C@H](C)C(=O)[C@H](C)[C@H]2N(CCCCn3cnc(-c4cccnc4)c3)C(=O)O[C@]12C,0,5.063935532234609e-05,BBB-,1
O=C1CC[C@@H]2C3Cc4cccc(O)c4C2(CCN3CC2CC2)C1,1,0.9990058541297913,BBB+,1
C[C@H]1[C@@H]2C(=O)c3ccc(O)cc3[C@]1(C)CCN2CC1CC1,1,0.9956772923469543,BBB+,1
Cc1nc(N2CCc3ccccc3CC2)c([N+](=O)[O-])c(=O)[nH]1,1,0.566463828086853,BBB+,1
CN1c2ccccc2N(CCCCCCC(=O)O)c2ccc(Cl)cc2S1(=O)=O,1,0.7993949055671692,BBB+,1
CC(=O)NC[C@@H]1O[C@@H](O[C@H]2[C@@H](N)C[C@H](N)[C@H](O[C@@H]3O[C@@H](CO)[C@@H](O)[C@H](N)[C@@H]3O)[C@@H]2O)[C@@H](O)[C@@H](O)[C@@H]1O,0,0.00022634262859355658,BBB-,0
CN1CCN(C(=O)Cc2ccc(Cl)c(Cl)c2)[C@H](CN2CCCC2)C1,1,0.7858673930168152,BBB+,1
C#C[C@@]1(O)CC[C@@H]2[C@H]3CCC4=Cc5c(cnn5-c5ccc(F)cc5)C[C@@]4(C)[C@@H]3CC[C@@]21C,1,0.999803364276886,BBB+,1
C=C1CCC(O)CC1=CC=C1CCCC2(C)C1CCC2C(C)C=CC(C)C(C)C,0,0.014851930551230907,BBB-,0
CCN(CC)C(=O)[C@@H]1[C@@H]2C=C[C@@H](C2)[C@H]1C(=O)N(CC)CC,1,0.9991936087608337,BBB+,1
COc1cc(CNC(=O)[C@@H](C)Sc2ccc(C)cc2)ccc1OC(C)C,1,0.7543362379074097,BBB+,0
CC(=O)OC1(C(C)=O)CCC2C3CC(C)C4=CC(=O)C=CC4(C)C3(F)C(O)CC21C,1,0.9995273351669312,BBB+,1
Cc1onc(-c2ccccc2)c1C(=O)NC1C(=O)N2[C@H]1SC(C)(C)[C@@H]2C(=O)O,0,0.0037775984965264797,BBB-,0
Fc1ccc(Cn2c([C@@H]3CCCNC3)nc3ccccc32)cc1,1,0.9789834022521973,BBB+,1
CC(C)NCC1CCc2cc(CO)c([N+](=O)[O-])cc2N1,1,0.7865945100784302,BBB+,0
C=C[C@](C)(O)C(C)(C)C.COC12CC3(C1)[C@H]1Cc4ccc(O)c5c4[C@@]3(CCN1CC1CC1)[C@H]2O5,1,0.9981406927108765,BBB+,1
Cc1nnc(SCC2=C(C(=O)O)N3C(=O)[C@H](NC(=O)[C@@H](N)c4ccc(O)cc4)[C@@H]3SC2)s1,0,0.008304963819682598,BBB-,0
O=C(NCCS(=O)(=O)O)c1cccs1,1,0.6082456707954407,BBB+,0
CN1[C@@H](CSCC(F)(F)F)Nc2cc(Cl)c(S(N)(=O)=O)cc2S1(=O)=O,0,0.2955959737300873,BBB-,0
CNC1CCCC(=O)C1c1ccccc1Cl,1,0.9332412481307983,BBB+,1
CC(C)=CCN1CC[C@@]2(C)c3cc(O)ccc3C[C@@H]1[C@@H]2C,1,0.9972746968269348,BBB+,1
C[C@@H](CN1c2ccccc2Sc2ccccc21)N(C)C,1,0.9986826777458191,BBB+,1
CN1C(=O)CCC1c1cccnc1,1,0.9147592186927795,BBB+,1
CC(=O)OCC1=C(C(=O)O)N2C(=O)[C@H](NC(=O)Cc3ccccc3)[C@H]2SC1,0,0.08723804354667664,BBB-,0
C/C=C/C(=O)N(CC)C(CC)C(=O)N(C)C,1,0.8701708316802979,BBB+,1
C[C@@H](CN(C)C)CN1c2ccccc2Sc2ccccc21,1,0.9974368214607239,BBB+,1
O=C(O)Cc1ccccc1Nc1c(Cl)cccc1Cl,1,0.6339845657348633,BBB+,0
NC(=O)C1C=CN(CC2=C(C(=O)O)N3C(=O)[C@H](NC(=O)Cc4cccs4)[C@H]3SC2)C=C1,0,0.08380570262670517,BBB-,0
CCCC[C@H](CC)CNC(=O)C[C@@H](C)O,1,0.859752357006073,BBB+,1
CO[C@@]12C=C[C@@]3(CC1C(C)(C)O)[C@H]1Cc4ccc(O)c5c4[C@@]3(CCN1CC1CC1)[C@H]2O5,1,0.9961657524108887,BBB+,1
CC12CC[C@@H]3[C@@H]4CCC(=O)C=C4CC[C@@H]3[C@@H]1CCC2O,0,0.2603601813316345,BBB-,0
CC1(C)SC2C(NC(=O)C(NC(=O)c3c[nH]c4cccnc4c3=O)c3ccccc3)C(=O)N2C1C(=O)O,0,0.013826212845742702,BBB-,0
FC(F)OC(F)(F)[C@H](F)Cl,1,0.8574464917182922,BBB+,1
CCCc1ccc(Cl)cc1,1,0.8685495853424072,BBB+,0
CCN(CC)c1nc2c(s1)c1c(O)c3c(O)c(C)c4c(c32)C(=O)C(C)(OC=CC(OC)C(C)C(OC(C)=O)C(C)C(O)C(C)C(O)C(C)C=CC=C(C)C(=O)N1)O4,0,6.028581265127286e-05,BBB-,0
Nc1nc2c(ncn2CC[C@@H](O)CO)c(=O)[nH]1,1,0.662943422794342,BBB+,1
CC(=O)OCC(=O)[C@]1(O)[C@H](C)C[C@H]2[C@@H]3C[C@H](F)C4=CC(=O)C=C[C@]4(C)[C@H]3[C@@H](O)C[C@]21C,1,0.9983043670654297,BBB+,1
CN(C)[C@H]1C(O)=C(C(=O)NCN2CCN(C(=N)NC(=N)N)CC2)C(=O)[C@@]2(O)C(O)=C3C(=O)c4c(O)cccc4[C@@](C)(O)[C@H]3C[C@@H]12,0,0.007430046796798706,BBB-,0
CO/N=C(\C(=O)NC1C(=O)N2C(C(=O)O)=CCS[C@@H]12)c1csc(N)n1,0,0.07076027244329453,BBB-,0
CC1(C)S[C@@H]2[C@H](NC(=O)[C@@H](C(=O)Oc3ccccc3)c3ccccc3)C(=O)N2[C@H]1C(=O)O,0,0.024470854550600052,BBB-,0
CC1(C)S[C@@H]2[C@H](NC(=O)c3nc4ccccc4nc3C(=O)O)C(=O)N2[C@H]1C(=O)O,0,0.004329077899456024,BBB-,0
CN1CC[C@]23c4c5ccc(O)c4O[C@H]2C(=O)CC[C@@]3(O)[C@H]1C5,1,0.9810983538627625,BBB+,1
CO[C@]1(NC(=O)Cc2cccs2)C(=O)N2C(C(=O)O)=C(COC(N)=O)CS[C@@H]21,0,0.08920091390609741,BBB-,0
O=S(=O)(c1cccc2cnccc12)N1CCCNCC1,1,0.7637765407562256,BBB+,1
CC(=O)OCC(=O)[C@H]1[C@H](C)C[C@H]2C3C[C@H](F)C4=CC(=O)C=C[C@]4(C)[C@@]3(Cl)[C@@H](O)C[C@@]21C,1,0.9939801692962646,BBB+,1
C[C@H]1C[C@H]2[C@@H]3CCC4=CC(=O)C=CC4(C)C3(F)[C@@H](O)CC2(C)C1(O)C(=O)CO,1,0.9996860027313232,BBB+,0
c1ccc(-c2nc(N3CCNCC3)cc3ccccc23)cc1,1,0.8348801732063293,BBB+,1
O=C1OCCN1/N=C\c1ccc([N+](=O)[O-])o1,1,0.7567606568336487,BBB+,0
Oc1ccc2c(c1)C13CCCCC1(O)C(C2)N(CC1CCC1)CC3,1,0.9971739053726196,BBB+,1
CC(C)(C)CC(=O)OCC(=O)[C@@]12OC(C)(C)O[C@H]1C[C@H]1[C@H]3CC4=CC(=O)C=C[C@@]4(C)[C@@]3(F)[C@H](O)C[C@]12C,1,0.9998691082000732,BBB+,1
CS(=O)(=O)c1ccc(-c2ccc3cc(O)ccc3c2Oc2ccc(OCCN3CCCCC3)cc2)cc1,1,0.8001428246498108,BBB+,1
CC1COC2(c3ccccc3Cl)c3cc(Cl)ccc3NC(=O)CN12,1,0.945460319519043,BBB+,1
COc1cccc2c1C(=O)c1c(O)c3c(c(O)c1C2=O)C[C@](O)([C@@H](O)CO)C[C@H]3O,0,0.11850129067897797,BBB-,0
CC(C)N1CCOC(c2ccc(C(F)(F)F)cc2)C1,1,0.85523921251297,BBB+,1
CN1C(=O)CC(=O)N(c2ccccc2)c2cc(C(F)(F)F)ccc21,1,0.8793656826019287,BBB+,1
COc1ccc2c(c1)N(C[C@@H](C)CN1CCC(O)CC1)c1ccccc1S2,1,0.9968825578689575,BBB+,1
CN(CC(=O)N1CCOCC1)Cc1c(Cl)cccc1NC(=O)c1ccccc1,1,0.6400125622749329,BBB+,0
COC(=O)C1(O)CC[C@H]2[C@@H]3CCC(=O)[C@H]4C(=O)C=CC4(C)[C@H]3[C@@H](O)CC21C,1,0.9516740441322327,BBB+,1
Cc1nc2ccc(CN(C)c3ccc(C(=O)NC(CCC(=O)O)C(=O)O)s3)cc2c(=O)[nH]1,0,0.08336790651082993,BBB-,0
CC12CCC(=O)C=C1CC[C@@H]1[C@@H]2[C@@H](O)CC2(C)[C@H]1CCC2(O)C(=O)CO,1,0.9584711790084839,BBB+,0
CC(C)C1NC(=O)[C@@H](C(C)C)OC(=O)[C@H](C(C)C)NC(=O)[C@H](C)OC(=O)[C@@H](C(C)C)NC(=O)[C@@H](C(C)C)OC(=O)[C@H](C(C)C)NC(=O)[C@H](C)OC(=O)[C@@H](C(C)C)NC(=O)[C@@H](C(C)C)OC(=O)[C@H](C(C)C)NC(=O)[C@H](C)OC1=O,0,8.890656317817047e-06,BBB-,0
N#Cc1ccccc1C(=O)NCCC[C@@H]1CCOC1,1,0.7681147456169128,BBB+,0
CCOC(=O)[C@H](CCc1ccccc1)N[C@@H](C)C(=O)N1Cc2cc(OC)c(OC)cc2C[C@H]1C(=O)O,0,0.01760462112724781,BBB-,0
CCN(CC)C/C=C(\O)N1c2ccccc2Sc2ccc(C(F)(F)F)cc21,1,0.9513209462165833,BBB+,1
Cc1nc(Nc2ncc(C(=O)Nc3c(C)cccc3Cl)s2)cc(N2CCN(CCO)CC2)n1,1,0.6590827703475952,BBB+,0
NCCCC[C@H](N[C@@H](CCc1ccccc1)C(=O)O)C(=O)N1CCC[C@H]1C(=O)O,0,0.1599120944738388,BBB-,0
CC(=O)Nc1c(I)c(NC(C)=O)c(I)c(C(=O)O)c1I,0,0.12998172640800476,BBB-,0
CCn1cc(C(=O)O)c(=O)c2cc3c(cc21)OCO3,0,0.3210626244544983,BBB-,0
O=C1CCC(C(=O)N[C@@H](c2ccc(F)cc2)C2CC(O)C2)=NN1,1,0.9242944717407227,BBB+,1
CN(C(=O)Cc1ccc(Cl)c(Cl)c1)[C@H]1CCCC[C@@H]1N1CCCC1,1,0.9688804745674133,BBB+,1
COc1ccc2c(c1)c(CC(=O)O)c(C)n2C(=O)c1ccc(Cl)cc1,0,0.45276328921318054,BBB-,0
Cc1ncc2n1-c1ccc(Cl)cc1C(c1ccccc1F)=NC2O,1,0.9845197200775146,BBB+,1
O=C(CCN1CCC(O)(c2ccc(Br)cc2)CC1)c1ccc(F)cc1,1,0.9862937927246094,BBB+,1
C[C@H]1C[C@H]2[C@H]3CCC4=CC(=O)C=C[C@@]4(C)[C@@]3(F)[C@H](O)C[C@@]2(C)[C@@]1(O)C(=O)CCl,1,0.9999895095825195,BBB+,1
C[C@H](CN(C)C)CN1c2ccccc2Sc2ccc(C#N)cc21,1,0.9929859042167664,BBB+,1
O=[N+]([O-])c1nccn1C[C@H](O)CF,1,0.7298663258552551,BBB+,1
c1cc(CN2CCCCC2)cc(OCCCNc2nccs2)c1,1,0.8314865827560425,BBB+,1
CN(C)CCN1CCN(c2cccc(Cl)c2)C1=O,1,0.8435266613960266,BBB+,1
COc1ccc2c(c1)N(C[C@H](C)CN1CCC(O)CC1)c1ccccc1S2,1,0.995671272277832,BBB+,1
COCC1=C(C(=O)O)N2C(=O)[C@@H](NC(=O)C(=NO)c3csc(N)n3)[C@H]2SC1,0,0.0743640661239624,BBB-,0
CCC(C(N)=O)N1CCCC1=O,1,0.8391635417938232,BBB+,1
CC(C)NCC(O)COc1cccc2ccccc12,1,0.7733731269836426,BBB+,1
CNCCC[C@@]1(C)CN(c2ccccc2)c2ccccc21,1,0.924403727054596,BBB+,1
CCC[C@@H]1C[C@@H](C(=O)N[C@H]([C@H](C)Cl)[C@H]2O[C@H](SC)[C@H](O)[C@@H](O)[C@H]2O)N(C)C1,0,0.12319782376289368,BBB-,0
CCCCCC(O)CCC1C(O)CC2Cc3c(cccc3OCC(=O)O)CC21,0,0.31661897897720337,BBB-,0
O=C(OCCN1CCN(c2cccc(C(F)(F)F)c2)CC1)c1ccccc1Nc1ccnc2cc(C(F)(F)F)ccc12,1,0.7816565036773682,BBB+,0
O=C(/C(=C/c1ccco1)c1ccccc1)N1CCN(S(=O)(=O)c2ccccc2)CC1,1,0.771287739276886,BBB+,1
Cc1cc(C2CCCCC2)n(O)c(=O)c1,1,0.7202630043029785,BBB+,0
C[C@H]1CN(C)C[C@@H]2Cc3c(ccc4ccccc34)OC12O,1,0.9751019477844238,BBB+,1
OC1CCN(c2ccc(-c3ccccc3Cl)nn2)CC1,1,0.8364800214767456,BBB+,1
CC(=O)OC1CC2(C)C(CC(O)C3C4(C)CCC(O)C(C)C4CCC32C)C1=C(CCC=C(C)C)C(=O)O,0,0.005550946108996868,BBB-,0
CN(C)C[C@@H](CN1c2ccccc2Sc2ccccc21)N(C)C,1,0.9950972199440002,BBB+,1
COc1ccc(CN(CCN(C)C)c2ccccn2)cc1,1,0.7747271656990051,BBB+,1
Cc1cccc(C)c1Nc1ncc(-c2cccc(OCCN3CCCC3)c2)n2cncc12,1,0.7784600257873535,BBB+,1
Clc1ccc(COC(Cn2ccnc2)c2ccc(Cl)cc2Cl)cc1,1,0.8499376177787781,BBB+,0
O=C(CCCN1CCC(O)(c2cccc(C(F)(F)F)c2)CC1)c1ccc(F)cc1,1,0.9740579128265381,BBB+,1
CC(=O)OCC(=O)[C@@]1(O)[C@@H](C)C[C@H]2[C@H]3CC(F)(F)C4=CC(=O)C=C[C@@]4(C)[C@@]3(F)[C@H](O)C[C@]21C,1,0.999969482421875,BBB+,1
Cc1ccc(S(=O)(=O)[C@@H]2[C@@H](c3ccccc3)C2(CN)CN)cc1,1,0.7838617563247681,BBB+,1
CN1CCN([C@@H](c2ccccc2)c2ccc(Cl)cc2)CC1,1,0.8647372722625732,BBB+,1
CC(=O)N1CCN(C(=O)Cc2ccccc2)[C@@H](CN2CC[C@@H](O)C2)C1,0,0.27371746301651,BBB-,0
COC[C@@]1(N)[C@H](c2ccc(OC)cc2)[C@@H]1S(=O)(=O)c1ccc(Cl)cc1,0,0.47983238101005554,BBB-,1
CO/N=C(\C(=O)NC1C(=O)N2C(C(=O)O)=C(CSc3[nH]c(=O)c(=O)[nH][n+]3C)CSC12)c1csc(N)n1,0,0.012723450548946857,BBB-,0
CCN1CCN(C(=O)N[C@H](C(=O)N[C@H]2C(=O)N3C(C(=O)O)=C(CSc4nnnn4C)CS[C@H]23)c2ccc(O)cc2)C(=O)C1=O,0,0.02247532829642296,BBB-,0
CN(C)CCC=C1c2ccccc2C(C)(C)c2ccccc21,1,0.7878530621528625,BBB+,1
CCN(CC)CC(=O)OCC(=O)[C@@]1(O)CC[C@H]2[C@H]3CCC4=CC(=O)CC[C@@]4(C)[C@H]3[C@H](O)C[C@]21C,1,0.9989670515060425,BBB+,1
N#Cc1cccc(C2=Nc3ccc(C#Cc4ccccc4)cc3NC(=O)C2)c1,1,0.7119843363761902,BBB+,1
CC(C)(C)OC(=O)c1ncn2c1[C@@H]1CCCN1C(=O)c1cc(Br)ccc1-2,1,0.8952190279960632,BBB+,1
CO[C@@]1(NC(=O)CSC[C@H](N)C(=O)O)C(=O)N2C(C(=O)O)=C(CSc3nnnn3C)CS[C@H]21,0,0.020659713074564934,BBB-,0
O=C(CCCN1CCC(C(=O)c2ccc(Cl)cc2)CC1)c1ccc(F)cc1,1,0.9736047983169556,BBB+,1
Cc1ccc(S(=O)(=O)[C@H]2[C@H](CN)[C@@H]2c2ccccc2)cc1,1,0.9049533605575562,BBB+,1
COc1cc2oc(=O)c(C)c(C)c2cc1OCCCN1CCN(c2ccccc2OC)CC1,0,0.4469600021839142,BBB-,1
CNC1CCc2[nH]c3ccc(C(N)=O)cc3c2C1,1,0.7963639497756958,BBB+,1
CC1(C)[C@H]2CC[C@]1(C)C(=O)C2,1,0.905707836151123,BBB+,1
CCOc1ccccc1O[C@@H](c1ccccc1)[C@@H]1CNCCO1,1,0.9247063994407654,BBB+,1
CC12C=CC(=O)C=C1C(Cl)=CC1C2C(O)CC2(C)C1CCC2(O)C(=O)CO,1,0.9916790127754211,BBB+,1
CCN1CCCC1CNC(=O)c1cc(S(=O)(=O)CC)c(N)cc1OC,1,0.7450530529022217,BBB+,1
CCCCc1nc(C)c(CC(=S)N(C)C)c(=O)n1Cc1ccc(-c2ccccc2-c2nn[nH]n2)cc1,0,0.11890235543251038,BBB-,0
CC1=NN(c2ccccc2)C(=O)C1,1,0.9416921734809875,BBB+,1
C/C(=C(/CCO)SSC[C@@H]1CCCO1)N(C=O)Cc1cnc(C)nc1N,1,0.999721348285675,BBB+,1
Cc1ncc(COC(=O)CCC(=O)OCCN(C)C)c(CO)c1O,1,0.5284961462020874,BBB+,1
CN1CCc2cccc3c2[C@@H]1Cc1ccc(O)c(O)c1-3,1,0.8336769342422485,BBB+,1
COc1ccccc1N1CCN(C[C@@H](O)COc2cc(OC)c(OC)c(OC)c2)CC1,1,0.7637369632720947,BBB+,1
CN1CC[C@]23c4c5ccc(O)c4O[C@@H]2C(=O)CC[C@H]3[C@H]1C5,1,0.9950557947158813,BBB+,1
C#CCN(C)CCCOc1ccc(Cl)cc1Cl,1,0.8636810183525085,BBB+,1
CCC(=O)[C@]1(O)CC[C@H]2[C@@H]3CCC4=CC(=O)CC[C@]4(C)[C@H]3[C@H](O)C[C@]21C,1,0.9855322241783142,BBB+,1
C[C@H]1C[C@H]2[C@H]3C[C@H](F)C4=CC(=O)C=C[C@@]4(C)[C@@]3(F)[C@H](O)C[C@@]2(C)[C@@]1(O)C(=O)COC(=O)C(C)(C)C,1,0.9999662637710571,BBB+,1
O=C1CN=C(c2ccccc2Cl)c2cc([N+](=O)[O-])ccc2N1,1,0.986402690410614,BBB+,1
CC12C=CC(=O)C=C1C(F)CC1C3CC(O)C(O)(C(=O)CO)C3(C)CC(O)C12F,1,0.9901208877563477,BBB+,1
COc1cc([C@@H]2c3cc4c(cc3[C@@H](O[C@@H]3O[C@@H]5CO[C@@H](C)O[C@H]5[C@H](O)[C@H]3O)C3COC(=O)[C@@H]32)OCO4)cc(OC)c1O,0,0.017897939309477806,BBB-,0
C[C@@H]1C[C@H]2[C@@H]3C[C@H](F)C4=CC(=O)C=C[C@]4(C)[C@@]3(F)[C@@H](O)C[C@]2(C)[C@@]1(O)C(=O)SCF,1,0.9994596838951111,BBB+,1
COc1ccc(S(N)(=O)=O)cc1C(=O)NC[C@@H]1CCCN1C,1,0.8879159092903137,BBB+,1
CC[C@]1(O)CCN2CCc3ccc(C)cc3[C@@H]2C1,1,0.8870774507522583,BBB+,1
CCN1CCC[C@@H]1CNC(=O)c1c(OC)ccc(Br)c1OC,1,0.7258793115615845,BBB+,1
CCOc1ccc(CCCNC(=O)c2cc([N+](=O)[O-])ccc2Cl)cc1,1,0.6205813884735107,BBB+,1
Cc1ccc(O)c(Cn2c(NC3CCN(CCN)CC3)nc3c(C)cccc32)n1,1,0.6757399439811707,BBB+,1
CN1CCc2cc(Cl)c(O)cc2[C@@H](c2cccc3c2OCC3)C1,1,0.8303949236869812,BBB+,1
COC1C(OC(C)=O)CC(=O)OC(C)CC=CC=CC(O)C(C)CC(CC=O)C1OC1OC(C)C(OC2CC(C)(O)C(OC(=O)CC(C)C)C(C)O2)C(N(C)C)C1O,0,0.014804007485508919,BBB-,0
CCCCC(=O)OCC(=O)C1(O)Cc2c(O)c3c(c(O)c2C(OC2CC(NC(=O)C(F)(F)F)C(O)C(C)O2)C1)C(=O)c1c(OC)cccc1C3=O,0,0.08244344592094421,BBB-,0
C[C@H](N)[C@@H](O)c1ccccc1,1,0.5461797714233398,BBB+,1
OCCC1CCN(CC/C=C2\c3ccc(F)cc3Sc3ccc(C(F)(F)F)cc32)CC1,1,0.9855625629425049,BBB+,1
C[C@@H]1[C@H]2C(=O)c3ccc(O)cc3C1(C)CCN2CC1CC1,1,0.9688364267349243,BBB+,1
CC1(C)S[C@@H]2C(NC(=O)[C@@H](Oc3ccccc3)c3ccccc3)C(=O)[C@@H]2[C@H]1C(=O)O,0,0.0825505331158638,BBB-,0
CON=C(C(=O)NC1C(=O)N(OCC(=O)O)C1C)c1csc(N)n1,0,0.028991084545850754,BBB-,0
CO[C@H]1/C=C/O[C@@]2(C)Oc3c(C)c(O)c4c(O)c(c(/C=N/N5CCN(C)CC5)c(O)c4c3C2=O)NC(=O)/C(C)=C\C=C/[C@@H](C)[C@@H](O)[C@H](C)[C@@H](O)[C@H](C)[C@H](OC(C)=O)[C@@H]1C,0,1.6742267234803876e-06,BBB-,0
CCC[C@@]1(O)[C@H]2[C@]3(OC)C=C[C@]4(C[C@H]13)[C@H]1Cc3ccc(OC(C)=O)c(OC)c3[C@@]24CCN1C,1,0.9881835579872131,BBB+,1
CC(=O)OC1(C(C)=O)CC[C@H]2[C@@H]3C[C@H](C)C4=CC(=O)C=CC4(C)C3(F)[C@@H](O)CC21C,1,0.9997668862342834,BBB+,1
CC12CCC(=O)C=C1C1CC1C1C2CCC2(C)C1C1CC1C21CCC(=O)O1,1,0.8263629674911499,BBB+,0
Cc1cccc2c1Oc1ccccc1C1(O)CNCC21,1,0.8507184386253357,BBB+,1
FC(F)(F)C(F)(F)C(F)(F)F,1,0.8343692421913147,BBB+,0
CC1(C)SC2C(NC(=O)C(Oc3ccccc3)c3ccccc3)C(=O)C2C1C(=O)O,0,0.027219360694289207,BBB-,0
CNCCCCOc1ccccc1Cc1ccccc1,1,0.8415324687957764,BBB+,1
CC12C[C@H](O)[C@@]3(F)C(CCC4=CC(=O)C=CC43C)[C@@H]1C[C@H]1O[C@@](C)(c3ccccc3)O[C@]12C(=O)CO,1,0.9998705387115479,BBB+,1
CCCOc1ccccc1CCCNC(=O)c1ccc([N+](=O)[O-])cc1Cl,1,0.6934861540794373,BBB+,1
C[C@@H](Cc1ccccc1)[N+](C)([O-])Cc1ccccc1,1,0.9992591738700867,BBB+,1
CCOc1ccc(CCCNC(=O)[C@@H](C)SCc2ccccc2)cc1,1,0.6536543965339661,BBB+,0
O=C(N[C@@H](c1ccccn1)C1CC(O)C1)c1ncoc1C1CC1,1,0.8650800585746765,BBB+,0
CCCC[C@H]1CC(=O)C2(O)O[C@H]3[C@@H](NC)[C@@H](O)[C@H](NC)[C@H](O)[C@@H]3O[C@@H]2O1,0,0.009838538244366646,BBB-,0
c1ccc(-c2ccc(C(c3ccccc3)n3ccnc3)cc2)cc1,1,0.8682393431663513,BBB+,0
COC(=O)[C@@H](c1ccccc1)[C@@H]1CCCCN1,1,0.9771822094917297,BBB+,1
CN[C@@H](C)[C@@H]1CC[C@H](N)[C@H](O[C@H]2[C@@H](N)C[C@H](N)[C@H](O[C@@H]3OCC(C)(O)[C@@H](NC)[C@@H]3O)[C@H]2O)O1,0,1.7305514177223813e-07,BBB-,0
C[C@]12CC[C@H]3c4ccc(O)cc4CC[C@H]3[C@@H]1CC[C@H]2O,0,0.43562448024749756,BBB-,0
Fc1cccc(F)c1N=C1NCCN1,1,0.823849618434906,BBB+,1
CN1CC=C(c2ccccc2)CC1,1,0.9192156195640564,BBB+,1
CC/C=C(\C(=O)N[C@@H]1C(=O)N2C(C(=O)O)=C(COC(N)=O)CS[C@H]12)c1csc(N)n1,0,0.08135310560464859,BBB-,0
Cc1cc(C=Cc2ccc3cc(N(C)C)ccc3[n+]2C)c(C)n1-c1ccccc1,1,0.644671618938446,BBB+,0
CN1CCc2cc(Cl)c(O)cc2C(c2cc(Br)cc3c2OCC3)C1,1,0.7654916644096375,BBB+,1
CC1(C)S[C@H]2C(NC(=O)[C@@H](NC(=O)c3c[nH]c4cccnc4c3=O)c3ccccc3)C(=O)N2[C@H]1C(=O)O,0,0.010112057439982891,BBB-,0
CN[C@@H]1[C@H](O[C@@H]2[C@@H](O[C@@H]3[C@@H](O)[C@@H](O)[C@@H](NC(=N)N)[C@H](O)[C@@H]3NC(=N)N)O[C@@H](C)C2(O)CO)O[C@@H](CO)[C@@H](O)[C@H]1O,0,3.4463215570212924e-07,BBB-,0
CCC1(CC)C(=O)NC[C@H](C)C1=O,1,0.999029278755188,BBB+,1
CNC(C[N+](=O)[O-])=NCCSc1ccc(CN(C)C)o1,0,0.13630038499832153,BBB-,0
CC(=O)OCC(=O)[C@@]1(O)CC[C@H]2[C@H]3CCC4=CC(=O)C=C[C@@]4(C)[C@@]3(F)[C@H](O)C[C@]21C,1,0.9999923706054688,BBB+,1
O=C1CN=C(c2ccccc2)c2cc(Cl)ccc2N1,1,0.9836885929107666,BBB+,1
O=C1C[C@H]2SC(C3(O)CN4C(=O)C[C@H]4S3)CN12,0,0.35696908831596375,BBB-,1
CCOC(=O)[C@@H](CCc1ccccc1)N[C@H](C)C(=O)N1[C@H](C(=O)O)C[C@@H]2CCC[C@@H]21,1,0.5706666707992554,BBB+,1
C[C@@H](C(=O)O)c1cccc(C(=O)c2ccccc2)c1,1,0.7696309685707092,BBB+,1
C[N+]1(C)CC[C@H](OC(=O)[C@@](O)(c2ccccc2)C2CCCC2)C1,0,2.8540043786051683e-06,BBB-,0
CO[C@@H](C(=O)N[C@H]1C(=O)N2[C@H]1SC(C)(C)[C@H]2C(=O)O)c1ccc(Cl)c(Cl)c1,0,0.03153786435723305,BBB-,0
CC(C)(C)C(=O)SCC(=O)[C@]1(O)CC[C@H]2[C@@H]3CCC4=CC(=O)CC[C@@]4(C)[C@H]3[C@@H](O)C[C@]21C,1,0.9554692506790161,BBB+,1
NCC1(CC(=O)O)CCCCC1,1,0.7066810727119446,BBB+,1
CC(=O)N1CCN(C(=O)Cc2ccc(Cl)c(Cl)c2)[C@@H](CN2CC[C@H](O)C2)C1,0,0.16036750376224518,BBB-,0
NCC(CP(=O)(O)O)c1ccc(Cl)cc1,1,0.7028170824050903,BBB+,1
CCCN(CC1CC1)c1nc(C)nc2c1CCN2c1ccc(Cl)cc1Cl,1,0.8570077419281006,BBB+,1
CC(=O)OCC(=O)[C@@]12N=C(C)O[C@H]1C[C@H]1[C@H]3CCC4=CC(=O)C=C[C@@]4(C)[C@H]3[C@H](O)C[C@]12C,1,0.9939091205596924,BBB+,1
O=C(O)[C@H]1C[C@H]1S(=O)(=O)c1ccc(Cl)cc1,1,0.7266886234283447,BBB+,0
CCOC(=O)NC(O)C(Cl)(Cl)Cl,1,0.9998136162757874,BBB+,1
COc1cccc2c1C(=O)c1c(O)c3c(c(O)c1C2=O)C[C@@](O)(C(=O)CO)C[C@@H]3O[C@H]1C[C@H](N)C[C@H](C)O1,0,0.14533478021621704,BBB-,0
CC1(C)SC2C(NC(=O)C(NC(=O)Cc3ccc(C4=NCCCN4)cc3)c3ccccc3)C(=O)N2C1C(=O)O,0,0.010528743267059326,BBB-,0
CN1C(=S)CN=C(c2ccccc2)c2cc(Cl)ccc21,1,0.9944806098937988,BBB+,1
C[C@H]1C[C@H]2[C@@H]3CCC4=CC(=O)C=CC4(C)C3(F)[C@@H](O)CC2(C)C1C(=O)CO,1,0.9973450303077698,BBB+,1
NC(=O)c1cnn([C@@H]2O[C@H](CO)[C@@H](O)[C@H]2O)n1,1,0.8383607268333435,BBB+,1
C#CCN(C)[C@@H](C)Cc1ccccc1,1,0.9400513172149658,BBB+,1
CC(=O)OC(C)C(=O)C1(O)CCC2C3CCC4=CC(=O)C=CC4(C)C3(F)C(O)CC21C,1,0.9969555139541626,BBB+,1
CC1=C(C(=O)OCC(=O)OC(C)(C)C)N2C(=O)C(NC(=O)C(N)c3ccccc3)C2SC1,0,0.1150612011551857,BBB-,0
CC(C)c1ccccc1OCC1=NCCN1,1,0.7314520478248596,BBB+,0
NC(=O)C(c1ccccc1)(c1ccccc1)[C@@H]1CCN(CCc2ccc3c(c2)CCO3)C1,1,0.9587756395339966,BBB+,1
CC(Cc1ccccc1)NN,1,0.8485413789749146,BBB+,1
CCCCC(CC)CNC(=O)CC(C)O,1,0.7852939963340759,BBB+,1
CNC1C(O)C(OC2C(N)CC(N)C(OC3OC(CN)=CCC3N)C2O)OCC1(C)O,0,0.008990496397018433,BBB-,0
C[C@@H]1[C@@H]2Cc3ccc(O)cc3C1(C)CCN2CCc1ccccc1,1,0.9891814589500427,BBB+,1
COc1nccc(-c2c(-c3ccc(F)cc3)ncn2C2CCC(O)CC2)n1,1,0.9155809879302979,BBB+,0
Cc1[nH]cnc1CN1CCc2c(c3ccccc3n2C)C1=O,1,0.5071079730987549,BBB+,0
CCCCN1CCCCC1C(=O)Nc1c(C)cccc1C,1,0.7588109374046326,BBB+,0
CC1(C)S[C@H]2[C@H](C(=O)[C@H]2NC(=O)[C@@H](Oc2ccccc2)c2ccccc2)[C@H]1C(=O)O,0,0.09581799060106277,BBB-,0
CCCNC(=O)N1CC(c2ccccc2)OC1=O,1,0.7644179463386536,BBB+,1
CCN1CCN(C(=O)N[C@@H](C(=O)N[C@H]2C(=O)N3[C@H]2SC(C)(C)[C@H]3C(=O)O)c2ccccc2)C(=O)C1=O,0,0.028059596195816994,BBB-,0
Cn1c([N+](=O)[O-])cnc1C=Cc1ccnc(N)n1,1,0.7325998544692993,BBB+,0
Cc1nnc(SCC2=C(C(=O)OCc3oc(=O)oc3C)N3C(=O)C(NC(=O)[C@@H](OC(=O)[C@H](C)N)c4ccccc4)[C@@H]3SC2)s1,0,0.0017141593853011727,BBB-,0
CC(=O)C1CCC2C3CC=C4CC(OC(=O)CCC(=O)O)CCC4(C)C3CCC12C,0,0.24124902486801147,BBB-,1
CC1(C)S[C@@H]2[C@H](NC(=O)[C@H](NC(=O)Nc3cnc(Nc4ccc(S(N)(=O)=O)cc4)[nH]c3=O)c3ccc(O)cc3)C(=O)N2[C@H]1C(=O)O,0,0.0007104696123860776,BBB-,0
CN(C)S(=O)(=O)c1ccc(-c2ccc3cc(O)ccc3c2Oc2ccc(OCCN3CCCCC3)cc2)cc1,1,0.7779301404953003,BBB+,1
CCC(=O)O[C@]1(c2ccccc2)CCN(C)C[C@@H]1CC,1,0.9938254356384277,BBB+,1
Cc1ccc(-n2cccc2[C@H]2[C@H](c3ccccn3)NC(=S)N2CCN(C)C)cc1,1,0.9816587567329407,BBB+,0
CC(C)(C(=O)c1cccnc1)c1cccnc1,1,0.6915742754936218,BBB+,0
CN1CCN2c3ccccc3Cc3ccccc3[C@H]2C1,1,0.9918898940086365,BBB+,1
CCCCCn1ccc(=O)c(O)c1C,1,0.7198169827461243,BBB+,1
C[C@@H]1O[C@H](O[C@H]2CC(O)(C(=O)CO)Cc3c(O)c4c(c(O)c32)C(=O)c2ccccc2C4=O)C[C@H](N)[C@@H]1O,0,0.0439557284116745,BBB-,0
CN(C)C1C(=O)C(C(N)=O)=C(O)C2(O)C(=O)C3=C(O)c4c(O)ccc([N+](=O)[O-])c4CC3CC12,0,0.07890273630619049,BBB-,0
CC(C)OP(=O)(F)OC(C)C,1,0.8510630130767822,BBB+,0
COc1cc2c(cc1OC)[C@H]1Cc3ccc(OC)c(OC)c3CN1CC2,1,0.7587392926216125,BBB+,1
CN1[C@H]2CC[C@H]1CC(OC(=O)[C@H](CO)c1ccccc1)C2,1,0.9526891708374023,BBB+,1
NS(=O)(=O)c1cc2c(cc1Cl)NC(C(Cl)Cl)NS2(=O)=O,0,0.4011777639389038,BBB-,0
CCCN(CCc1cccs1)C1CCc2c(O)cccc2C1,1,0.9078896641731262,BBB+,1
CN(C)[C@H]1C(=O)C(C(N)=O)=C(O)[C@@]2(O)C(=O)C3=C(O)c4c(O)cccc4[C@@](C)(O)[C@@H]3[C@H](O)[C@@H]12,0,0.009974704124033451,BBB-,1
CCCCc1ncc(C=C(Cc2cccs2)C(=O)O)n1Cc1ccc(C(=O)O)cc1,0,0.16917933523654938,BBB-,0
CO/N=C(/C(=O)NC1C(=O)N(OCC(=O)OCC(=O)OC(C)(C)C)[C@H]1C)c1csc(N)n1,0,0.04901285842061043,BBB-,0
CN1C(=O)CN=C(c2ccccc2F)c2cc([N+](=O)[O-])ccc21,1,0.9942809343338013,BBB+,1
C[C@]12C[C@H](O)[C@H]3[C@@H](C=C(Cl)C4=CC(=O)C=C[C@@]43C)[C@@H]1CC[C@]2(O)C(=O)CO,1,0.9996696710586548,BBB+,1
O=C1Nc2ccc(Cl)cc2C(c2ccccc2Cl)=N[C@@H]1O,1,0.9960038065910339,BBB+,1
CN1CCCN([C@H](c2ccccc2)c2ccc(Cl)cc2)CC1,1,0.92303067445755,BBB+,1
CO[C@H](C(=O)[C@@H](O)[C@@H](C)O)[C@@H]1Cc2cc3cc(O[C@H]4C[C@@H](O[C@H]5C[C@@H](O)[C@H](O)[C@@H](C)O5)[C@@H](O)[C@@H](C)O4)c(C)c(O)c3c(O)c2C(=O)[C@H]1OC1C[C@@H](O[C@H]2C[C@@H](O[C@H]3C[C@](C)(O)[C@H](O)[C@@H](C)O3)[C@H](O)[C@@H](C)O2)[C@H](O)[C@@H](C)O1,0,0.30646783113479614,BBB-,1
CN(C)CC[C@@]1(C)OCCC2=C1Cc1ccccc12,1,0.9960116147994995,BBB+,1
C[C@@H](Cc1ccccc1)N[C@H](C#N)c1ccccc1,1,0.9015218019485474,BBB+,1
CC(=O)O[C@]1(C(C)=O)CC[C@H]2[C@@H]3C[C@H](C)C4=CC(=O)C=C[C@]4(C)[C@@]3(F)[C@@H](O)C[C@@]21C,1,0.9997207522392273,BBB+,1
COc1cc(N)c(Cl)cc1C(=O)N[C@@H]1CCNC[C@@H]1OC,1,0.9738085865974426,BBB+,1
CO/N=C(/C(=O)N[C@@H]1C(=O)N2C(C(=O)O)=C(COC(C)=O)CS[C@H]12)c1csc(N)n1,0,0.07362260669469833,BBB-,0
CC(C)(C)c1ccc(C(=O)N2CCN(c3ccc(OCCCN4CCCCC4)cc3)C(=O)C2)cc1,1,0.8212533593177795,BBB+,1
CS(=O)(=O)c1ccc([C@H](O)[C@@H](CF)NC(=O)C(Cl)Cl)cc1,1,0.7766938805580139,BBB+,1
CN(C)[C@H]1C(O)=C(C(=O)NCN2CCC[C@H](C(=O)O)C2)C(=O)[C@@]2(O)C(O)=C3C(=O)c4c(O)cccc4[C@@](C)(O)[C@H]3C[C@@H]12,0,0.09159580618143082,BBB-,0
COc1cc2nc(N3CCN(C(=O)c4ccco4)CC3)nc(C)c2cc1OC,1,0.6183357834815979,BBB+,1
CCOC[C@]1(CN)[C@H](c2ccc3c(c2)OCO3)[C@@H]1S(C)(=O)=O,0,0.26793602108955383,BBB-,1
CC(=O)OCC(=O)[C@]1(O)CC[C@H]2[C@@H]3C[C@H](Cl)C4=CC(=O)C=C[C@@]4(C)[C@H]3C(=O)C[C@]21C,1,0.9975062012672424,BBB+,1
NC(=O)CN1C[C@H](O)CC1=O,1,0.7930785417556763,BBB+,1
O=C1NC(=O)[C@]2(CCN(C(=O)Cc3ccc(Cl)c(Cl)c3)[C@@H](CN3CCCC3)C2)N1,0,0.4219072461128235,BBB-,0
CC(Cc1ccccc1)NC(=O)C(N)CCCCN,1,0.7648179531097412,BBB+,1
O=C(CCCN1CCC2(CC1)C(=O)NCN2c1ccc(Br)cc1)c1ccc(F)cc1,1,0.9932112693786621,BBB+,1
C[C@H](Oc1cccc2ccccc12)/C(N)=N\O,1,0.7701188325881958,BBB+,1
Nc1ccc(C(=O)O)c(O)c1,1,0.5212581753730774,BBB+,0
CCN(CC)Cc1nccn1-c1ccc([N+](=O)[O-])cc1C(=O)c1ccccc1Cl,1,0.5780316591262817,BBB+,1
CC(OC1OCCN(Cc2n[nH]c(=O)[nH]2)C1c1ccc(F)cc1)c1cc(C(F)(F)F)cc(C(F)(F)F)c1,1,0.7895877361297607,BBB+,1
CC(C)(C)NCC(O)COc1nsnc1N1CCOCC1,1,0.5228660702705383,BBB+,0
CSC(=O)C1(OC(C)=O)[C@@H](C)C[C@H]2[C@@H]3CCC4=CC(=O)C=CC4(C)C3(F)C(O)CC21C,1,0.9989261031150818,BBB+,1
CCCCCCCCCN[C@@H]1N=CNc2[nH]ccc21,1,0.9010629653930664,BBB+,1
Cc1onc(-c2ccccc2)c1C(=O)NC1C(=O)N2C1SC(C)(C)C2C(=O)O,0,0.006827762816101313,BBB-,0
CCCCCCCCCCCCCCCCO,1,0.8143817186355591,BBB+,0
CCc1c(C)[nH]c2c1C(=O)[C@@H]1CN(C)CC[C@H]1C2,1,0.9617423415184021,BBB+,1
CC(=O)[C@]1(O)[C@H](O)C[C@H]2[C@@H]3CCC4=CC(=O)CC[C@@]4(C)[C@H]3CC[C@]21C,1,0.7668106555938721,BBB+,1
Cn1nnnc1SCC1=C(C(=O)O)N2C(=O)[C@@H](NC(=O)[C@H](OC=O)c3ccccc3)[C@H]2SC1,0,0.0928550511598587,BBB-,0
CCCNC(=O)N1C[C@@H](c2ccccc2)OC1=O,1,0.7758575081825256,BBB+,1
CC(C)CCO[C@@H](CN1CCCC1)c1ccccc1,1,0.9483767747879028,BBB+,1
CC(=O)N(C[C@H](O)CO)c1c(I)c(C(=O)NC[C@H](O)CO)c(I)c(C(=O)NC[C@H](O)CO)c1I,0,0.010696149431169033,BBB-,0
CC(C)NC[C@@H](O)COc1ccc(CC(N)=O)cc1,1,0.7252689003944397,BBB+,0
CN1C(=O)NC(=O)[C@@](C)(C2=CCCCC2)C1=O,1,0.9990371465682983,BBB+,1
CN(C)CCc1c[nH]c2cccc(OP(=O)(O)O)c12,1,0.7000539898872375,BBB+,1
CC(=O)O[C@]1(C(C)=O)CCC2C3C[C@H](C)C4=CC(=O)C=C[C@]4(C)[C@@]3(F)[C@@H](O)C[C@@]21C,1,0.9999632835388184,BBB+,1
CC1(C)S[C@@H]2[C@@H](N3C(=O)C(c4ccc(O)cc4)NC3(C)C)C(=O)N2[C@H]1C(=O)O,0,0.0030244586523622274,BBB-,0
CNc1cc(OC)c(C(=O)N[C@H]2CCN(Cc3ccccc3)[C@@H]2C)cc1Cl,1,0.9087421894073486,BBB+,1
CCC(=O)OCC(=O)[C@@]1(OC(=O)CC)[C@H](C)C[C@H]2[C@H]3CCC4=CC(=O)C=C[C@@]4(C)[C@@]3(Cl)[C@H](O)C[C@]21C,1,0.9999996423721313,BBB+,1
CC(=O)OCC(=O)C1(O)CCC2C3CC(C)C4=CC(=O)C=CC4(C)C3C(O)CC21C,1,0.9977141618728638,BBB+,1
C=CCOc1ccccc1OC[C@@H](O)CNC(C)C,1,0.826479971408844,BBB+,1
CO/N=C(/C(=O)N[C@H]1C(=O)N2C(C(=O)OCOC(=O)C(C)(C)C)=CCS[C@H]12)c1csc(NC(=O)[C@@H](C)N)n1,0,0.05061592534184456,BBB-,0
CO[C@@H]1O[C@H]2O[C@]3(CN4CCCCC4)[C@@H](O)C[C@H]([C@@H]2C)[C@H]13,1,0.9574159979820251,BBB+,1
COCCCC(=O)OC(C)OC(=O)C1=C(COC(N)=O)CS[C@@H]2[C@H](NC(=O)/C(=N/OC)c3ccco3)C(=O)N12,0,0.23751914501190186,BBB-,0
CCOC(=O)[C@H](CCc1ccccc1)N[C@@H]1CCCN2CCC[C@@H](C(=O)O)N2C1=O,0,0.21390347182750702,BBB-,1
CO[C@H]1/C=C/O[C@@]2(C)Oc3c(C)c(O)c4c(O)c(c(/C=N/N5CCN(C)CC5)c(O)c4c3C2=O)NC(=O)C/C(C)=C\C=C\[C@@H](C)C(O)[C@@H](C)[C@H](O)[C@H](C)[C@H](OC(C)=O)[C@@H]1C,0,1.8713930103331222e-06,BBB-,0
Nc1nc(=O)c2ncn(COCCO)c2[nH]1,1,0.6328171491622925,BBB+,1
Nc1cccc(-n2ccccc2=O)c1,1,0.7996668815612793,BBB+,1
COC12C=CC3(C[C@H]1C(C)(C)O)C1Cc4ccc(O)c5c4C3(CCN1CC1CC1)[C@@H]2O5,1,0.9998284578323364,BBB+,1
Cc1cccc2c1Oc1ccccc1C1(O)CCN(C)C[C@H]21,1,0.9819990396499634,BBB+,1
CC(=O)OCC(=O)[C@@]1(O)CC[C@H]2[C@@H]3C[C@H](Cl)C4=CC(=O)C=C[C@]4(C)[C@H]3C(=O)C[C@@]21C,1,0.9998719692230225,BBB+,1
C[C@@H](Cc1ccccc1)NN,1,0.9193833470344543,BBB+,1
CC[C@H]1NC(=O)[C@H]2CCCN2C(=O)[C@@H](Cc2ccccc2)NC(=O)[C@@H](CC(C)C)NC(=O)[C@@H](CCCN)NC(=O)[C@H](C(C)C)NC(=O)[C@H]2CCCN2C(=O)[C@@H](Cc2ccccc2)NC(=O)[C@@H](CC(C)C)NC(=O)[C@@H](CCCN)NC1=O,0,0.006704444065690041,BBB-,0
CN(C)C1C(=O)C(C(N)=O)=C(O)C2(O)C(=O)C3=C(O)c4c(ccc(N)c4O)CC3CC12,0,0.09245426207780838,BBB-,0
C[C@]12CC[C@@H]3c4ccc(O)cc4CC[C@H]3[C@@H]1CCC2=O,0,0.3241351246833801,BBB-,0
CCC(=O)C1(O)CC[C@H]2[C@@H]3CCC4=CC(=O)CCC4(C)[C@H]3[C@@H](O)CC21C,1,0.9894652366638184,BBB+,1
CC(C)N1CCO[C@@H](c2ccc(C(F)(F)F)cc2)C1,1,0.8369609117507935,BBB+,1
Fc1cccc(Br)c1NC1=NCCN1,1,0.8220525979995728,BBB+,1
COc1cccc(C(=O)NC2C[C@@H]3CC[C@@H](C2)N3Cc2ccccc2)c1OC,1,0.858092188835144,BBB+,1
COc1ccc2c3c1O[C@H]1C(OC(C)=O)=CC[C@H]4[C@@H](C2)N(C)CCC314,1,0.9922631978988647,BBB+,1
O=C(/C=C/c1ccc2c(c1)OCO2)N1CCCCC1,1,0.7955259680747986,BBB+,1
NC(N)=NCCN1CCCCCCC1,1,0.8606662154197693,BBB+,0
CC[C@H]1NC(=O)[C@@H](NC(=O)c2ncccc2O)[C@H](C)OC(=O)[C@H](c2ccccc2)NC(=O)[C@H]2CC(=O)CCN2C(=O)[C@@H](Cc2ccc(N(C)C)cc2)N(C)C(=O)[C@H]2CCCN2C1=O,0,0.0008283372153528035,BBB-,0
CO/N=C(\C(=O)N[C@H]1C(=O)N2C(C(=O)O)=C(Cn3nnc(C)n3)CS[C@@H]12)c1csc(N)n1,0,0.03248172253370285,BBB-,0
CC[C@H](C(=O)NC(C)C)N(Cc1ccccc1Cl)C(=O)CN(c1ccc(F)c(Cl)c1)S(C)(=O)=O,1,0.7113817930221558,BBB+,1
CSc1ccc2c(c1)N(CCC1CCCCN1C)c1ccccc1S2,1,0.9954291582107544,BBB+,1
O=C(NC[C@@H]1CCCCN1)c1cc(OCC(F)(F)F)ccc1OCC(F)(F)F,1,0.8335278630256653,BBB+,1
COc1ccc(-c2noc(CN(C)C(=O)[C@H](C)SCc3ccccc3)n2)c(OC)c1,0,0.388397216796875,BBB-,1
CN1CC[C@@]23c4c5ccc(OC(=O)c6cccnc6)c4O[C@H]2[C@H](OC(=O)c2cccnc2)C=C[C@H]3[C@H]1C5,1,0.9970101118087769,BBB+,1
c1ccc2c(c1)Sc1ccccc1N2C[C@@H]1CN2CCC1CC2,1,0.9996564388275146,BBB+,1
CC[C@@]1(c2ccccc2)C(=O)NC(=O)N(C)C1=O,1,0.9995943903923035,BBB+,1
COc1cc2c3cc1Oc1cc(ccc1O)C[C@@H]1c4c(cc(OC)c(O)c4Oc4ccc(cc4)C[C@@H]3[N+](C)(C)CC2)CC[N+]1(C)C,0,5.901663879814834e-11,BBB-,0
CCC1(C2=CCCCC2)C(=O)NC(=O)NC1=O,1,0.9998441934585571,BBB+,1
COC1C=COC2(C)Oc3c(C)c(O)c4c(O)c(c(C=NN5CCN(C)CC5)c(O)c4c3C2=O)NC(=O)C(C)=CC=CC(C)C(O)C(C)C(O)C(C)C(OC(C)=O)C1C,0,0.00013910542475059628,BBB-,0
C[C@@H]1CCCN(c2ccc([C@@H](C)NC(=O)/C(=C/c3ccco3)c3ccccc3)cc2)C1,1,0.8116786479949951,BBB+,1
NCC[C@H](O)CN[C@H]1C[C@H](N)[C@@H](O[C@H]2O[C@@H](CN)[C@H](O)[C@H](O)[C@@H]2O)[C@H](O)[C@H]1O[C@H]1O[C@@H](CO)[C@H](O)[C@H](N)[C@@H]1O,0,0.000383481674361974,BBB-,0
Cn1nnnc1SCC1=C(C(=O)O)N2C(=O)[C@@H](NC(=O)CS/C=C/C#N)[C@H]2SC1,0,0.016770465299487114,BBB-,0
CCOC(=O)O[C@@H]1[C@H](O[C@H]2[C@H](C)[C@@H](O[C@H]3C[C@@](C)(OC)[C@H](O)[C@H](C)O3)[C@H](C)C(=O)O[C@@H](CC)[C@@](C)(O)[C@H](O)[C@H](C)C(=O)[C@H](C)C[C@@]2(C)O)O[C@@H](C)C[C@H]1N(C)C,0,1.518782966059007e-08,BBB-,0
CCN(CC)[C@@H](C)CN1c2ccccc2Sc2ccccc21,1,0.9947094917297363,BBB+,1
O=C(O)c1cc(=O)c2cc(OC[C@H](O)COc3cccc4oc(C(=O)O)cc(=O)c34)ccc2o1,0,0.15373815596103668,BBB-,0
COc1ccc2c3c1O[C@H]1[C@@H](O)CC[C@H]4[C@@H](C2)N(C)CC[C@]314,1,0.984176516532898,BBB+,1
CCOC(=O)C[C@H](O)C[C@H](O)C=CC1=C(c2ccc(F)cc2)c2ccccc2OC12CCCC2,1,0.9841949939727783,BBB+,1
C[C@@H]1CC2C3C[C@H](F)C4=CC(=O)C=CC4(C)[C@@]3(Cl)C(O)CC2(C)C1C(=O)CO,1,0.9967817068099976,BBB+,1
Clc1ccc(Cl)c(N=C2NCCN2)c1,1,0.8147274851799011,BBB+,1
C[C@H](N)[C@H](O)c1cccc(O)c1,1,0.500706672668457,BBB+,0
NCCCN1c2ccccc2CCc2ccccc21,1,0.8601601123809814,BBB+,1
N[C@H]1CCC[C@@H]1c1ccccc1,1,0.9004405736923218,BBB+,1
NCC[C@@H](O)C(=O)N[C@H]1C[C@@H](N)[C@H](O[C@H]2O[C@@H](CN)CC[C@@H]2N)[C@H](O)[C@H]1O[C@@H]1O[C@@H](CO)[C@H](O)[C@@H](N)[C@@H]1O,0,0.00042574515100568533,BBB-,0
COCOC(=O)[C@@H]1N2C(=O)C(N3C(=O)C(c4ccccc4)NC3(C)C)[C@@H]2SC1(C)C,0,0.010048526339232922,BBB-,0
CCN(CCO)CCCC(C)Nc1ccnc2cc(Cl)ccc12,1,0.836342990398407,BBB+,0
CC(=O)N1CCN(C(=O)Cc2ccc([S+](C)[O-])cc2)C(CN2CCC(O)C2)C1,0,0.19809477031230927,BBB-,0
O=c1cc(NC2CCN(Cc3ccc4c(c3)CCO4)CC2)c2cc(Cl)ccc2o1,1,0.8933613896369934,BBB+,1
NCC(=CF)CCc1ccc(F)cc1,1,0.9415601491928101,BBB+,1
CC1(C)S[C@@H]2[C@H](NC(=O)[C@@H](NC(=O)Cc3ccc(C4=NCCCN4)cc3)c3ccccc3)C(=O)N2[C@H]1C(=O)O,0,0.006842921953648329,BBB-,0
CN(C)[C@@H]1C(O)=C(C(=O)NCNCCCC[C@H](N)C(=O)O)C(=O)[C@]2(O)C(O)=C3C(=O)c4c(O)cccc4[C@@](C)(O)[C@H]3C[C@@H]12,0,0.03180462867021561,BBB-,0
COc1ccc([C@H]2[C@H](S(=O)(=O)c3ccccc3)[C@@]2(N)CO)cc1,0,0.4978700876235962,BBB-,0
CC(C)(C)NC(=O)[C@H]1CN(Cc2cccnc2)CCN1C[C@@H](O)C[C@@H](Cc1ccccc1)C(=O)N[C@H]1c2ccccc2C[C@@H]1O,0,0.3627483546733856,BBB-,0
c1ccc([C@@H]2CN3CCS[C@H]3N2)cc1,1,0.9749332070350647,BBB+,1
O=C(Cc1ccc(Cl)c(Cl)c1)N1CCn2ccnc2C1CN1CCC(O)C1,1,0.5782589912414551,BBB+,0
CC[C@@H]1OC(=O)[C@@H](C)[C@@H](O[C@@H]2CC(C)(OC)[C@@H](O)[C@H](C)O2)[C@H](C)[C@H](O[C@@H]2O[C@@H](C)C[C@H](N(C)C)[C@@H]2O)C(C)(O)CC(C)[C@@H]2N[C@H](COCCOC)O[C@@H]([C@H]2C)C1(C)O,0,2.1265843770379433e-06,BBB-,0
CNCCCC1(c2ccccc2)SC(C)(C)c2ccccc21,1,0.9493615627288818,BBB+,1
O=C1CCC(=O)N1C[C@H]1CC[C@H]2CN(c3ncccn3)CCN2C1,1,0.9916580319404602,BBB+,1
COc1cccc2c1C(=O)c1c(O)c3c(c(O)c1C2=O)CC(O)(C(=O)CO)C[C@@H]3O,0,0.13106220960617065,BBB-,0
COc1ccc2c(c1)[C@H](CC(=O)O)[C@H](C)N2C(=O)c1ccc(Cl)cc1,1,0.6624830961227417,BBB+,0
CCC(=O)OCC(=O)[C@@]1(OC(=O)CC)[C@H](C)C[C@H]2[C@H]3CCC4=CC(=O)C=C[C@@]4(C)[C@@]3(F)[C@H](O)C[C@]21C,1,0.9999994039535522,BBB+,1
CC(C)(C)NC(=O)[C@H]1C[C@H]2CCCC[C@H]2CN1C[C@H](O)[C@@H](Cc1ccccc1)NC(=O)[C@@H](CC(N)=O)NC(=O)c1ccc2ccccc2n1,1,0.8914083242416382,BBB+,0
C[C@H]1C[C@H]2[C@@H]3C[C@H](F)C4=CC(=O)C=CC4(C)C3(F)[C@@H](O)CC2(C)C1C(=O)CO,1,0.9962612986564636,BBB+,1
CSCC[C@@H](CO)NC(=O)C1CCN(c2ncccn2)CC1,1,0.6566516757011414,BBB+,0
CC(c1ccccc1)C1Nc2cc(Cl)c(S(N)(=O)=O)cc2S(=O)(=O)N1,0,0.3827510476112366,BBB-,0
CC[C@H]1OC(=O)[C@H](C)[C@@H](O[C@H]2C[C@@](C)(OC)[C@H](O)[C@H](C)O2)[C@H](C)[C@@H](O[C@H]2O[C@H](C)C[C@@H](N(C)C)[C@@H]2O)[C@@](C)(O)C[C@H](C)C(=NOC)[C@H](C)[C@H](O)[C@@]1(C)O,0,1.1338321201037616e-05,BBB-,0
CN1CCN(c2ncc(-c3cc(Cl)cc(Cl)c3Cl)c(N)n2)CC1,1,0.83536696434021,BBB+,1
CC(C)(C)CC(=O)OCC(=O)C12OC(C)(C)O[C@H]1C[C@H]1[C@@H]3CCC4=CC(=O)C=CC4(C)C3(F)C(O)CC12C,1,0.9999843835830688,BBB+,1
C/C=C/C[C@@H](C)[C@@H](O)[C@H]1C(=O)N[C@@H](CC)C(=O)N(C)CC(=O)N(C)[C@@H](CC(C)C)C(=O)N[C@@H](C(C)C)C(=O)N(C)[C@@H](CC(C)C)C(=O)N[C@@H](C)C(=O)N[C@H](C)C(=O)N(C)[C@@H](CC(C)C)C(=O)N(C)[C@@H](CC(C)C)C(=O)N(C)[C@@H](C(C)C)C(=O)N1C,0,0.009376184083521366,BBB-,1
COc1ccc(CSCC(=O)N[C@H]2CC(C)(C)Oc3cc(OC)ccc32)cc1,1,0.8538030385971069,BBB+,0
CC(=CC(=O)O)/C=C/C=C(C)\C=C/C1=C(C)CCCC1(C)C,1,0.5443142652511597,BBB+,1
CNC(=O)C[C@@H](N)C(=O)N[C@@H](C(=O)N[C@@H]1C(=O)N2[C@@H](C(=O)O)C(C)(C)S[C@H]12)c1ccc(O)cc1,0,0.004597351420670748,BBB-,0
N#CC1CC2CC2N1C(=O)C(N)C12CC3CC(CC(O)(C3)C1)C2,1,0.549077570438385,BBB+,0
O=C1CN2CCO[C@]2(c2ccccc2F)c2cc(Br)ccc2N1,1,0.9729303121566772,BBB+,1
C[C@@]12CCC(=O)C=C1CC[C@H]1[C@H]2[C@H](O)C[C@]2(C)[C@@H]1CC[C@@]2(O)C(=O)CO,1,0.9993257522583008,BBB+,1
CCCC(C)C1(CC)C(=O)NC(=S)NC1=O,1,0.9999678134918213,BBB+,1
CC1(C)O[C@H]2C[C@H]3[C@H]4CC[C@H]5CC(=O)CC[C@@]5(C)[C@@]4(F)[C@H](O)C[C@@]3(C)[C@]2(C(=O)CO)O1,1,0.9981305003166199,BBB+,1
CC[C@@]1(c2ccccc2)C(=O)NC(=O)N1C,1,0.9087607860565186,BBB+,1
CC(=O)OCC(=O)[C@@]1(O)[C@H](C)C[C@H]2[C@@H]3C=C(C)C4=Cc5c(cnn5-c5ccccc5)C[C@]4(C)[C@H]3[C@@H](O)C[C@@]21C,1,0.9999326467514038,BBB+,1
O=C1CCN=C2C[C@H](c3ccccc3)CN12,1,0.949634313583374,BBB+,1
O=C1CC[C@]2(O)[C@@H]3Cc4ccc(O)c5c4[C@]2(CCN3CC2CC2)[C@@H]1O5,1,0.9991523027420044,BBB+,1
CC1(C)S[C@H]2[C@H](NC(=O)[C@@H](N)C3=CCC=CC3)C(=O)N2[C@@H]1C(=O)O,0,0.005341821815818548,BBB-,0
CN(C)CCCC1(c2ccc(F)cc2)OCc2cc(C#N)ccc21,1,0.9415073990821838,BBB+,1
O=S(=O)(O)OCC1OC(OC2(COS(=O)(=O)O)OC(OS(=O)(=O)O)C(OS(=O)(=O)O)C2OS(=O)(=O)O)C(OS(=O)(=O)O)C(OS(=O)(=O)O)C1OS(=O)(=O)O,0,4.572234502120409e-08,BBB-,0
C[C@H](C(=O)O)c1cccc(C(=O)c2ccccc2)c1,1,0.7525637745857239,BBB+,1
COC1/C=C\C=C(\C)C(=O)NC2=CC(=O)C(NCCN(C)C)=C(CC(C)CC(OC)C(O)C(C)/C=C(/C)C1OC(N)=O)C2=O,1,0.606903076171875,BBB+,1
Cc1cn(C2CC(F)C(CO)O2)c(=O)[nH]c1=O,1,0.6562849283218384,BBB+,1
CN(C)C1C(=O)C(C(=O)NCN2CCCC2)=C(O)C2(O)C(=O)C3=C(O)c4c(O)cccc4C(C)(O)C3CC12,0,0.08612511307001114,BBB-,0
CCC1NC(=O)c2cc(S(N)(=O)=O)c(Cl)cc2N1,0,0.4080103039741516,BBB-,0
CC1(C)O[C@H]2C[C@H]3[C@H]4CCC5=CC(=O)C=C[C@@]5(C)[C@H]4[C@H](O)C[C@@]3(C)[C@]2(C(=O)CO)O1,1,0.9909902811050415,BBB+,1
C[C@H]1C[C@H]2[C@H]3C[C@H](F)C4=CC(=O)C(Cl)=C[C@@]4(C)[C@@]3(F)[C@H](O)C[C@@]2(C)[C@@]1(O)C(=O)CO,1,0.9998342990875244,BBB+,1
CCN1CCN(C(=O)N[C@H](C(=O)N[C@H]2C(=O)N3[C@H]2SC(C)(C)[C@@H]3C(=O)O)c2ccccc2)C(=O)C1=O,0,0.021503731608390808,BBB-,0
CN1C[C@H](CSc2ccccn2)C=C2c3cccc4[nH]cc(c34)C[C@H]21,1,0.9649208784103394,BBB+,1
Cc1ccccc1N=C1N(C)CCN1C,1,0.6451278924942017,BBB+,0
CCOC(=O)C1=CC(OC(CC)CC)C(NC(C)=O)C(N)C1,1,0.6823917627334595,BBB+,0
Cn1nnnc1SCC1=C(C(=O)O)N2C(=O)[C@@H](NC(=O)CSC(F)(F)F)[C@@H]2SC1,0,0.05289052426815033,BBB-,0
CN(C)CCOc1ccc(-c2nc(-c3ccc4c(c3)CC/C4=N\CO)c(-c3ccncc3)[nH]2)cc1,1,0.6634278893470764,BBB+,1
Cc1cc(N(C)C)ccc1C[C@H](C)N,1,0.7723336219787598,BBB+,1
C[C@H]1N=C(c2ccccc2Cl)c2cc([N+](=O)[O-])ccc2NC1=O,1,0.9846979975700378,BBB+,1
CCC1(O)C[C@H]2CN(CCc3c([nH]c4ccccc34)C(C(=O)OC)(c3cc4c(cc3OC)N(C)[C@@H]3C(O)(C(=O)OC)[C@@H](OC(C)=O)C5(CC)C=CCN6CCC43[C@H]65)C2)C1,0,0.23193003237247467,BBB-,1
Cc1ccc(O)c([C@@H](CCN(C(C)C)C(C)C)c2ccccc2)c1,0,0.46039384603500366,BBB-,1
O=C(O)c1cccnc1Nc1cccc(C(F)(F)F)c1,1,0.6466441750526428,BBB+,0
NC[C@H]1O[C@H](O[C@@H]2[C@@H](N)C[C@@H](N)[C@H](O[C@H]3O[C@H](CO)[C@@H](O)[C@H](N)[C@H]3O)[C@H]2O)[C@H](N)[C@@H](O)[C@@H]1O,0,3.9100214053178206e-05,BBB-,0
CC(=O)OCC1=CO[C@H](OC(=O)CC(C)C)[C@@H]2C1=C[C@@H](OC(=O)CC(C)C)[C@]21CO1,1,0.9880913496017456,BBB+,1
CCC[C@H]1C[C@H](C(=O)N[C@H]([C@H](C)O)[C@@H]2O[C@@H](SC)[C@@H](O)[C@H](O)[C@H]2O)N(C)C1,0,0.02722221612930298,BBB-,0
CO[C@H]1C[C@H](O[C@H]2[C@H](C)O[C@H](O[C@@H]3/C(C)=C/C[C@H]4C[C@@H](CC5(CC[C@H](C)[C@H](C(C)C)O5)O4)OC(=O)[C@H]4C=C(C)[C@H](O)[C@@H]5OC/C(=C\C=C\[C@@H]3C)C45O)C[C@@H]2OC)O[C@@H](C)[C@@H]1O,0,0.0005601162556558847,BBB-,0
NCC(O)c1cccc(O)c1,1,0.6040844321250916,BBB+,0
CC1CC(OC(=O)C2CCC(=O)N2)CC(C)(C)C1,1,0.8237622976303101,BBB+,1
CO[C@H]1[C@H](OC(C)=O)CC(=O)O[C@H](C)CC=CC=C[C@H](O)[C@H](C)C[C@@H](CC=O)[C@H]1O[C@H]1O[C@H](C)[C@@H](O[C@H]2C[C@@](C)(O)[C@@H](OC(=O)CC(C)C)[C@H](C)O2)[C@@H](N(C)C)[C@@H]1O,0,0.0004127268912270665,BBB-,0
CC(=O)C1(O)[C@@H](C)C[C@H]2[C@@H]3CCC4=CC(=O)C=CC4(C)C3(F)[C@@H](O)CC21C,1,0.9993389248847961,BBB+,1
CC(=O)OCC1=C(C(=O)O)N2C(=O)C(NC(=O)c3c(-c4ccccc4Cl)noc3C)C2SC1,0,0.020473649725317955,BBB-,0
C#C[C@@]1(O)CC[C@H]2[C@@H]3CCC4=CCCC[C@@H]4[C@@H]3C(=C)C[C@]21CC,1,0.9026578664779663,BBB+,1
C#C[C@]1(O)CC[C@H]2[C@H]3[C@H](CC[C@@]21C)C1=C(CC(=O)CC1)C[C@H]3C,1,0.867416501045227,BBB+,1
COC(C(=O)C(O)C(C)O)C1Cc2cc3cc(OC4CC(OC5CC(O)C(O)C(C)O5)C(O)C(C)O4)c(C)c(O)c3c(O)c2C(=O)C1OC1CC(OC2CC(O)C(OC3CC(C)(O)C(O)C(C)O3)C(C)O2)C(O)C(C)O1,1,0.8063353300094604,BBB+,1
CO/N=C(/C(=O)N[C@@H]1C(=O)N(OCC(=O)O)[C@H]1C)c1csc(N)n1,0,0.018268022686243057,BBB-,0
CC(C)C[C@H](N(C)C)C1(c2ccc(Cl)cc2)CCC1,1,0.9546627402305603,BBB+,1
CC(=O)OCC1=C(C(=O)O)N2C(=O)[C@H](NC(=O)CC#N)[C@H]2SC1,0,0.06532635539770126,BBB-,0
O=C1CN(C(=O)CN2CC(c3ccc(Cl)cc3)CC2=O)CCN1,1,0.832175612449646,BBB+,1
c1ccc2c(c1)CCN1CCNCC21,1,0.879092276096344,BBB+,1
NC(=O)c1cc[n+](CC2=C(C(=O)O)N3C(=O)[C@@H](NC(=O)Cc4cccs4)[C@H]3SC2)cc1,0,0.015703832730650902,BBB-,0
COC(=O)C1CC2=CC(=O)CCC2(C)C23OC2CC2(C)C(CCC24CCC(=O)O4)C13,1,0.9948700666427612,BBB+,0
COP(=O)(C[C@H](c1ccc(Cl)cc1)P(=O)(OC)OC)OC,1,0.7775802612304688,BBB+,1
N[C@H](CCC(=O)O)c1ccc(Cl)cc1,1,0.7925491333007812,BBB+,1
CCCN1CC(NS(=O)(=O)N(CC)CC)CC2Cc3c(O)cccc3CC21,1,0.9236605167388916,BBB+,1
C[C@H](NCCc1ccc(O)cc1)[C@@H](O)c1ccc(O)cc1,0,0.19323138892650604,BBB-,1
COc1ccc(C[C@H](N)C(=O)NC2[C@@H](CO)O[C@@H](n3cnc4c(N(C)C)ncnc43)[C@@H]2O)cc1,0,0.46004098653793335,BBB-,0
Cc1nccn1CC1CCc2c(c3ccccc3n2C)C1=O,1,0.6946514248847961,BBB+,1
CC(C)NCC(O)c1cc(O)cc(O)c1,1,0.608782947063446,BBB+,0
CN1CCC(C)(CN2c3ccccc3Sc3ccccc32)C1,1,0.9978318810462952,BBB+,1
NC[C@H]1O[C@H](O[C@@H]2[C@@H](N)C[C@@H](N)C(O[C@H]3O[C@H](CO)[C@@H](O)[C@H](N)[C@H]3O)[C@H]2O)[C@H](N)C[C@@H]1O,0,0.00012452172813937068,BBB-,0
COC(=O)[C@H]1[C@H]2C[C@H]3c4[nH]c5cc(OC)ccc5c4CCN3C[C@H]2C[C@H](OC)[C@H]1OC,1,0.9078806042671204,BBB+,1
CCC(=O)Nc1ccc(O)cc1,1,0.7384838461875916,BBB+,1
C=C1CC2C3C=CC4=CC(=O)CC[C@]4(C)C3[C@@H](O)C[C@]2(C)[C@@]1(O)C(=O)CO,1,0.9999183416366577,BBB+,1
C=CC1=C(C(=O)O)N2C(=O)[C@@H](NC(=O)/C(=N\O)c3csc(N)n3)[C@H]2SC1,0,0.03915195167064667,BBB-,0
COC(=O)[C@@H]1C(=O)C=C(Nc2cccc([N+](=O)[O-])c2)C[C@H]1C,1,0.8153795599937439,BBB+,1
O=C1CN=C(c2ccccc2F)c2cc(Cl)ccc2N1CC1CC1,1,0.9976621866226196,BBB+,1
C/C(=C(\CCOC(=O)C(N)Cc1ccc(OC(=O)C(C)(C)C)c(OC(=O)C(C)(C)C)c1)SSC(C)C)N(C)C=O,1,0.9870465993881226,BBB+,1
CN1CCCC(CC2c3ccccc3Sc3ccccc32)C1,1,0.9930724501609802,BBB+,1
COc1cc2[nH]c(C)c(CCN3CCN(c4ccccc4OC)CC3)c2cc1OC,1,0.7046902179718018,BBB+,1
CC1CCc2c(N3CCC(O)CC3)c(F)cc3c(=O)c(C(=O)O)cn1c23,0,0.14995771646499634,BBB-,0
CN1[C@H](CSCC(F)(F)F)Nc2cc(Cl)c(S(N)(=O)=O)cc2S1(=O)=O,0,0.3602210283279419,BBB-,1
CC(C)CC(CN)CC(=O)O,1,0.6788737177848816,BBB+,1
O=C1CN=C(c2ccccc2F)c2cc(Cl)ccc2N1CC(O)CO,1,0.9933850169181824,BBB+,1
Nc1ccn(C2OC(CO)C(O)C2(F)F)c(=O)n1,1,0.5857062339782715,BBB+,0
CCC1(CCC(C)C)C(=O)NC(=O)NC1=O,1,0.9995962977409363,BBB+,1
Cc1nc2n(c(=O)c1CCN1CCC(c3noc4cc(F)ccc34)CC1)C[C@@H](O)CC2,1,0.8718087077140808,BBB+,1
CCC1(CCC(C)C)CNC(=O)NC1=O,1,0.7862517237663269,BBB+,1
C[C@H]1[C@H]2C(=O)c3ccc(O)cc3[C@]1(C)CCN2CC1CC1,1,0.9764902591705322,BBB+,1
CC(=O)C12OC(C)(C)OC1CC1C3CCC4=CC(=O)C=CC4(C)C3(F)C(O)CC12C,1,0.9997263550758362,BBB+,1
CN1[C@H]2CC[C@@H]1CC(OC(=O)[C@H](CO)c1ccccc1)C2,1,0.9541252255439758,BBB+,1
CN1C[C@@H](C(=O)N[C@]2(C)O[C@@]3(O)[C@@H]4CCCN4C(=O)[C@@H](Cc4ccccc4)N3C2=O)C=C2c3cccc4[nH]cc(c34)C[C@@H]21,1,0.7481844425201416,BBB+,1
CCN(CC)CCNC(=O)c1ccc(NS(C)(=O)=O)cc1,1,0.6854879260063171,BBB+,0
CC(C)(C)[N+](=O)C=C1C=CN([O-])C=C1,1,0.896364152431488,BBB+,1
CCC(=O)C1(C)[C@@H](C)C[C@H]2[C@@H]3CCC4=CC(=O)C=CC4(C)[C@H]3[C@@H](O)CC21C,1,0.9986070990562439,BBB+,1
COC[C@H]1CN(c2ccc(OCc3cccc(C#N)c3)cc2)C(=O)O1,1,0.8461667895317078,BBB+,1
CCCN1CC(CSC)CC2c3cccc4[nH]cc(c34)CC21,1,0.9829829931259155,BBB+,1
OCCC1CCC(CC/C=C2\c3ccccc3Sc3ccc(Cl)cc32)CC1,1,0.9933716058731079,BBB+,1
CC1=C(C(=O)O)N2C(=O)C(NC(=O)[C@@H](N)c3cccc(NS(C)(=O)=O)c3)[C@@H]2SC1,0,0.05683046206831932,BBB-,0
CC1(C)S[C@@H]2[C@H](NC(=O)[C@H](NC(=O)CNC(=N)c3ccncc3)c3ccccc3)C(=O)N2[C@@H]1C(=O)O,0,0.020736852660775185,BBB-,0
Cc1ccn(-c2cc(Cl)ccc2[C@@H](Oc2cc(-c3ccc(C[C@H](N)C(=O)O)cc3)nc(N)n2)C(F)(F)F)n1,1,0.6779422760009766,BBB+,0
CCCN1C[C@H](NS(=O)(=O)N(CC)CC)C[C@H]2Cc3c(O)cccc3C[C@H]21,1,0.9365918040275574,BBB+,1
COC1CC(OC2C(C)OC(OC3C(C)=CCC4CC(CC5(CCC(C)C(C(C)C)O5)O4)OC(=O)C4C=C(C)C(O)C5OCC(=CC=CC3C)C45O)CC2OC)OC(C)C1O,0,0.2917165756225586,BBB-,0
C=CC[C@]1([C@@H](C)C#CCC)C(=O)NC(=O)N(C)C1=O,1,0.9995386600494385,BBB+,1
C[C@@]12C=CC(=O)C=C1C(Cl)=C[C@@H]1[C@H]2[C@@H](O)C[C@@]2(C)[C@@H]1CC[C@@]2(O)C(=O)CO,1,0.9977582693099976,BBB+,1
O=C(Cc1ccc(Cl)c(Cl)c1)N1CCc2occc2[C@H]1CN1CCCC1,1,0.9407421350479126,BBB+,1
CCCC(=O)OC1(C(=O)COC(=O)CC)CC[C@H]2[C@@H]3CCC4=CC(=O)CCC4(C)[C@H]3[C@@H](O)CC21C,1,0.9988048076629639,BBB+,1
COC(=O)C1=COC(C)C2CN3CCc4c([nH]c5ccccc45)C3CC12,1,0.8271160125732422,BBB+,1
CC(=O)OCC(=O)[C@@]1(O)[C@H](C)C[C@H]2C3C=C(C)C4=Cc5c(cnn5-c5ccccc5)C[C@]4(C)[C@H]3[C@@H](O)C[C@@]21C,1,0.9999711513519287,BBB+,1
CN(C)Cc1ccc(CSCCNc2cc(Cc3ccccc3)c[nH]2)o1,0,0.3477947413921356,BBB-,1
O=C1N(c2ccccc2)c2ccccc2C1(Cc1ccncc1)Cc1ccncc1,1,0.7428127527236938,BBB+,1
CCC(NC(=O)c1c(Cn2ccnc2)c(-c2ccccc2)nc2ccccc12)c1ccccc1,1,0.6067861914634705,BBB+,0
Cc1ccc(OCCNC(=O)[C@@H](C)SCc2ccccc2)cc1,1,0.686198890209198,BBB+,1
C[C@H]1O[C@@H](O[C@H]2[C@@H](O)C[C@H](O[C@H]3[C@@H](O)C[C@H](O[C@H]4CC[C@@]5(C)C(CC[C@@H]6[C@@H]5C[C@@H](O)[C@]5(C)[C@@H](C7=CC(=O)OC7)CC[C@]65O)C4)O[C@@H]3C)O[C@@H]2C)C[C@H](O)[C@@H]1O,0,0.0011485459981486201,BBB-,0
CCN[C@@H]1[C@H]2CC[C@H](C2)[C@H]1c1ccccc1,1,0.9834926128387451,BBB+,1
CN1CCC2=C(CC1)c1ccccc1N(C)c1ccccc12,1,0.9693120718002319,BBB+,1
C[C@@]12C=CC(=O)C=C1[C@@H](F)C[C@H]1[C@H]3C[C@H](O)[C@@](O)(C(=O)CO)[C@]3(C)C[C@H](O)[C@@]12F,1,0.9999599456787109,BBB+,1
CC(C)(C)NC[C@H](O)COc1cccc2c1CCC(=O)N2,1,0.6550565361976624,BBB+,1
Cc1cc2nc3c(=O)[nH]c(=O)nc-3n(CC(O)C(O)C(O)CO)c2cc1C,0,0.2374153733253479,BBB-,0
COc1ccccc1N1CCN(CCCCN2C(=O)C3C(=O)N(C(C)(C)C)C(=O)C(C2=O)C3(C)C)CC1,1,0.9999176263809204,BBB+,1
CC(C)(C)NC[C@@H](O)c1ccc(O)c(NC(N)=O)c1,0,0.31711700558662415,BBB-,0
COCCCC/C(=N\OCCN)c1ccc(Cl)cc1,1,0.9091854095458984,BBB+,1
CC[C@H](O)C(C[C@H](C)N(C)C)(c1ccccc1)c1ccccc1,1,0.9562969207763672,BBB+,1
FC(F)(F)[C@@H](Cl)Br,1,0.9967595934867859,BBB+,1
COc1ccc2c3c1O[C@@H]1C[C@@H](O)C=C[C@@]31CCN(C)C2,1,0.9629471302032471,BBB+,1
O=C1c2c(O)cccc2Cc2cccc(O)c21,1,0.6173776984214783,BBB+,0
CN1CCC2(C)c3cc(OC(=O)N4CCc5ccccc5C4)ccc3N(C)[C@H]12,1,0.9833868145942688,BBB+,1
O=C(NCCN1CCN(c2cccc3c2OC[C@H](CO)O3)CC1)c1ccc(F)cc1,1,0.9681772589683533,BBB+,1
CCc1cc2cc(C(=O)C3CCC(OC)CC3)ccc2nc1C,1,0.5261297225952148,BBB+,1
CN1CCC(OC(c2ccccc2)c2ccccc2)CC1,1,0.8870089650154114,BBB+,1
CC1NC(=O)C2(CCCC2)NC1=O,1,0.6667248606681824,BBB+,1
O=C1NCC(c2ccccc2)C2(CCN(C(=O)c3cc(C(F)(F)F)cc(C(F)(F)F)c3)CC2)O1,1,0.7482713460922241,BBB+,1
COc1ccc(C(C)(C)C)cc1CN[C@H]1C2CCN(CC2)C1C(c1ccccc1)c1ccccc1,1,0.9990301132202148,BBB+,1
CN(C)[C@H]1C(O)=C(C(N)=O)C(=O)[C@]2(O)C(O)=C3C(=O)c4c(O)ccc([N+](=O)[O-])c4C[C@H]3C[C@@H]12,0,0.061788853257894516,BBB-,0
C=C[C@H]1CN2CC[C@@H]1C[C@H]2[C@H](O)c1ccnc2ccc(OC)cc12,1,0.9983980059623718,BBB+,0
CN(C)CCn1cnc2c1c(=O)n(C)c(=O)n2C,1,0.8379090428352356,BBB+,1
O=C(Cc1ccc(Cl)c(Cl)c1)N1CCc2[nH]cnc2[C@@H]1CN1CC[C@H](O)C1,0,0.321772962808609,BBB-,0
CCCCC1C(=O)N(c2ccccc2)N(c2ccccc2)C1=O,1,0.8565794825553894,BBB+,1
CN1CC[C@]23c4c5ccc(O)c4O[C@H]2C(=O)CC[C@H]3[C@H]1C5,1,0.9854353666305542,BBB+,1
O=C(O)COc1ccc(Cl)cc1Cl,1,0.5561173558235168,BBB+,1
CC1(C)C(C(=O)O)N2C(=O)CC2S1(=O)=O,0,0.26403045654296875,BBB-,0
CN1C2CCC1CC(OC(=O)C(C)(CO)c1ccccc1)C2,1,0.8428286910057068,BBB+,1
COC(=O)[C@H]1[C@H]2C[C@@H]3c4[nH]c5cc(OC)ccc5c4CCN3C[C@H]2C[C@H](OC)[C@@H]1OC,1,0.9844351410865784,BBB+,1
CC1(C)O[C@@H]2C[C@H]3C4CCC5CC(=O)CCC5(C)[C@@]4(F)[C@@H](O)CC3(C)[C@]2(C(=O)CO)O1,1,0.9998669624328613,BBB+,1
c1ccc([C@@H]2CN[C@H]3NCCN32)cc1,1,0.9369474649429321,BBB+,1
CCCC1(c2cccc(O)c2)CCN(C)CC1C,1,0.9825859069824219,BBB+,1
c1ccc(NC2=NCCN2)cc1,1,0.8142750859260559,BBB+,0
O=C(Cc1ccc(Cl)c(Cl)c1)N1CCc2ccsc2[C@@H]1CN1CCCC1,1,0.9116915464401245,BBB+,1
C=C[C@@H]1CNCC[C@@H]1CCCc1ccnc2ccc(OC)cc12,1,0.9787559509277344,BBB+,1
O=C1N([C@H](O)C(Cl)(Cl)Cl)CNC1(c1ccccc1)c1ccccc1,1,0.9999877214431763,BBB+,1
CC(=O)[C@H]1CC[C@H]2[C@H]3CC[C@H]4C[C@H](O)CC[C@@]4(C)[C@H]3C(=O)C[C@@]12C,1,0.8892349004745483,BBB+,1
OCC(O)C(O)C(OC1OC(CO)C(O)C(O)C1O)C(O)CO,0,0.3665226101875305,BBB-,0
Cc1cn([C@H]2C[C@H](N=[N+]=[N-])[C@@H](CO)O2)c(=O)[nH]c1=O,1,0.9995658993721008,BBB+,1
c1ccc(CC2=NCCN2)cc1,1,0.7207223176956177,BBB+,1
CN1[C@H]2CC[C@@H]1CC(OC(=O)[C@](C)(CO)c1ccccc1)C2,1,0.8663897514343262,BBB+,1
CO[C@H]1/C=C/O[C@@]2(C)Oc3c(C)c(O)c4c(O)c(c5c(c4c3C2=O)NC2(CCN(CC(C)C)CC2)N=5)=NC(=O)/C(C)=C\C=C\[C@H](C)[C@H](O)[C@@H](C)[C@@H](O)[C@@H](C)[C@H](OC(C)=O)[C@@H]1C,0,5.835725914948853e-06,BBB-,0
Cn1ncnc1[C@H]1c2n[nH]c(=O)c3cc(F)cc(c23)N[C@@H]1c1ccc(F)cc1,1,0.855743408203125,BBB+,0
C[C@]1(Cn2ccnn2)[C@H](C(=O)O)N2C(=O)C[C@H]2S1(=O)=O,0,0.13189609348773956,BBB-,0
CCCNC(Cc1cccc2c1CC(=O)N2)NCCC,1,0.8587716817855835,BBB+,1
COc1cccc2c1C(=O)c1c(O)c3c(c(O)c1C2=O)C[C@](O)(C(C)=O)C[C@H]3O[C@H]1C[C@H](N)[C@H](O)[C@H](C)O1,0,0.0642293393611908,BBB-,0
CC[C@@H](CO)NCCN[C@H](CC)CO,0,0.17223191261291504,BBB-,1
O=C1[C@H]2[C@@H]3C=C[C@@H]([C@H]4C=C[C@@H]34)[C@H]2C(=O)N1CCCCN1CCN(c2ncccn2)CC1,1,0.9996825456619263,BBB+,1
CC1=CC(O)CC(C)(C)C1/C=C/C(C)=C/C=C/C(C)=C/C=C/C=C(C)/C=C/C=C(C)/C=C/C1=C(C)CC(O)CC1(C)C,0,0.4624265432357788,BBB-,0
CCN(CC)CCOc1ccc(/C(=C(/Cl)c2ccccc2)c2ccccc2)cc1,1,0.7942364811897278,BBB+,0
Cc1ccc(S(=O)(=O)NC(=O)NN2CC3CCCC3C2)cc1,1,0.6217542886734009,BBB+,0
C=CCN1C(=O)O[C@H](C)C1=O,1,0.9570655822753906,BBB+,1
C[C@]12COC(=O)C[C@@H]1CC[C@@H]1[C@@H]2CC[C@@]2(C)[C@H]1CC[C@]2(C)O,0,0.13843899965286255,BBB-,0
Oc1ccc2c(c1)C13CCCCC1C(C2)N(CCc1ccccc1)CC3,1,0.9983155727386475,BBB+,1
CC(=O)OCC(=O)C1(O)C(C)CC2C3CC(F)(F)C4=CC(=O)C=CC4(C)C3(F)C(O)CC21C,1,0.9984207153320312,BBB+,1
OCCN1CCN([C@H]2C[C@@H](c3ccc(F)cc3)c3ccc(C(F)(F)F)cc32)CC1,1,0.9020625352859497,BBB+,1
CC1(C)SC2C(NC(=O)C(c3ccccc3)S(=O)(=O)O)C(=O)N2C1C(=O)O,0,0.008810642175376415,BBB-,0
CC(=O)N1CCc2ccc(N(C(=O)/C=C/c3cccc(C#N)c3)N3CCN(CCC4CCCC4)CC3)cc21,1,0.6892006397247314,BBB+,1
CCN(CC)CCNC(=O)c1ccc(NC(C)=O)cc1,1,0.8560745120048523,BBB+,0
OC[C@H](O)COc1ccc(Cl)cc1,1,0.8303322792053223,BBB+,1
CN1CC[C@]23c4c5ccc(O)c4O[C@H]2C(O)C=C[C@H]3[C@H]1C5,1,0.9887786507606506,BBB+,1
CN1CC[C@]23c4c5ccc(O)c4O[C@@H]2C(=O)CCC3(O)[C@H]1C5,1,0.9965018033981323,BBB+,1
OC[C@H](O)[C@@H]1O[C@H]2O[C@@H](C(Cl)(Cl)Cl)O[C@H]2[C@H]1O,1,0.9998843669891357,BBB+,1
C[C@@H]1C[C@H]2[C@@H]3C[C@H](F)C4=CC(=O)C=C[C@]4(C)[C@H]3[C@@H](O)C[C@]2(C)[C@@]1(O)C(=O)CO,1,0.9994413256645203,BBB+,1
CC1(C)S[C@@H]2[C@@H](NC(=O)[C@@H](C(=O)O)c3ccsc3)C(=O)N2[C@H]1C(=O)O,0,0.020388944074511528,BBB-,1
CS(=O)(=O)c1ccc([C@H](O)[C@@H](CO)NC(=O)C(Cl)Cl)cc1,1,0.6886124014854431,BBB+,1
CO/N=C(\C(=O)N[C@H]1C(=O)N(OCC(=O)OCC(=O)OC(C)(C)C)[C@@H]1C)c1csc(N)n1,0,0.09876733273267746,BBB-,0
CC(=O)Oc1ccccc1C(=O)Nc1ncc([N+](=O)[O-])s1,1,0.5860624313354492,BBB+,0
O=C(NCCCOc1cccc(CN2CCCCC2)c1)c1ccccc1,1,0.8473814129829407,BBB+,1
CN1c2cc(F)ccc2C(c2ccccc2)=NC[C@@H]1CNC(=O)c1ccoc1,1,0.9972063899040222,BBB+,1
CN1CCCC(CN2c3ccccc3Sc3ccccc32)C1,1,0.9985673427581787,BBB+,1
CCC[C@@H](C(=O)c1ccc(C)cc1)N1CCCC1,1,0.857496440410614,BBB+,1
CC[C@H]1OC(=O)[C@H](C)[C@@H](O[C@H]2C[C@@](C)(OC)[C@@H](O)[C@H](C)O2)[C@H](C)[C@@H](O[C@H]2O[C@@H](C)C[C@@H](N(C)C)[C@@H]2O)[C@](C)(O)C[C@@H](C)C(=O)[C@H](C)[C@@H](O)[C@]1(C)O,0,3.111806279321172e-07,BBB-,0
CCN(CCCNS(=O)(=O)N1C[C@H](C)O[C@@H](C)C1)c1ccccc1,0,0.48627492785453796,BBB-,0
CCC1(CC)O[C@H]2C[C@@H]3[C@H]4CCC5=CC(=O)C=C[C@@]5(C)[C@]4(F)[C@@H](O)C[C@]3(C)[C@@]2(C(=O)CO)O1,1,0.9999829530715942,BBB+,1
FC(F)(F)CCC(Cl)Br,1,0.8480864763259888,BBB+,1
O=C(/C=C\c1cccc2cccnc12)N(Cc1ccco1)C[C@@H]1CCCO1,1,0.6135209202766418,BBB+,0
CN[C@H]1[C@H](O)[C@H](O[C@@H]2[C@@H](O)[C@H](O[C@H]3O[C@@H](CN)[C@H](O)[C@H](O)[C@@H]3O)[C@@H](N)C[C@H]2NC(=O)[C@H](O)CN)OC[C@@]1(C)O,0,3.516736614983529e-05,BBB-,0
CC(=O)O[C@@]12CO[C@@H]1C[C@H](O)[C@@]1(C)C(=O)[C@H](O)C3=C(C)[C@@H](OC(=O)[C@H](O)[C@@H](NC(=O)OC(C)(C)C)c4ccccc4)C[C@@](O)([C@@H](OC(=O)c4ccccc4)C12)C3(C)C,0,0.08942011743783951,BBB-,0
CC(Cc1cccc(C(F)(F)F)c1)NCCOC(=O)c1ccccc1,1,0.6880583763122559,BBB+,0
CN(C)CCCN1c2ccccc2Sc2ccccc21,1,0.9922462105751038,BBB+,1
CC(C)(C)C(=O)OCOP(=O)(COCCn1cnc2c(N)ncnc21)OCOC(=O)C(C)(C)C,0,0.034243322908878326,BBB-,0
CCCC(=O)N(C)Cc1c(-c2ccc(Cl)cc2)nc2ccccn12,1,0.8755205273628235,BBB+,1
CCCCCC(N)C(O)(c1ccccc1)c1ccccc1,1,0.7238990068435669,BBB+,1
C[C@@H](NNC(=O)c1ccccc1)c1ccccc1,1,0.9145596027374268,BBB+,1
CCC(C)n1ncn(-c2ccc(N3CCN(c4ccc(OCC5COC(Cn6cncn6)(c6ccc(Cl)cc6Cl)O5)cc4)CC3)cc2)c1=O,0,0.26825380325317383,BBB-,1
Cc1onc(-c2ccccc2)c1C(=O)N[C@H]1C(=O)N2[C@@H](C(=O)O)C(C)(C)S[C@H]12,0,0.006331435404717922,BBB-,0
CO[C@@]1(NC(=O)C2SC(=C(C(N)=O)C(=O)O)S2)C(=O)N2C(C(=O)O)=C(CSc3nnnn3C)CS[C@H]21,0,0.0011835108743980527,BBB-,0
CC(=O)OCC(=O)[C@]12OC(C)(C)O[C@@H]1C[C@H]1[C@@H]3C[C@H](F)C4=CC(=O)C=C[C@]4(C)[C@@]3(F)[C@H](O)C[C@@]12C,1,0.9999947547912598,BBB+,1
COc1ccc2c3c1O[C@@H]1[C@@H](O)CC[C@@H]4[C@H](C2)N(C)CC[C@]341,1,0.9992862343788147,BBB+,1
O=C(O)CCC(=O)c1ccc(-c2ccccc2)cc1,1,0.6993100643157959,BBB+,0
CN1C(=O)CN=C(C2=CCCCC2)c2cc(Cl)ccc21,1,0.9852616190910339,BBB+,1
CC(=O)OCC1=C(C(=O)O)N2C(=O)C(NC(=O)CCC[C@H](N)C(=O)O)[C@@H]2SC1,0,0.03379909694194794,BBB-,0
Cn1nnnc1SCC1=C(C(=O)O)N2C(=O)C(NC(=O)CSC(F)(F)F)[C@@H]2SC1,0,0.03231901675462723,BBB-,0
CC(=O)c1ccc(C(O)C(CO)NC(=O)C(Cl)Cl)cc1,1,0.5966294407844543,BBB+,1
COCC1=C(C(=O)O)N2C(=O)[C@H](NC(=O)/C(=N\O)c3csc(N)n3)[C@@H]2SC1,0,0.09568682312965393,BBB-,0
CCN(CC)CCN1C(=O)CN=C(c2ccccc2F)c2cc(Cl)ccc21,1,0.9968315958976746,BBB+,1
C#CCN(C)[C@H](C)Cc1ccccc1,1,0.9042816758155823,BBB+,1
O=[N+]([O-])c1cc[nH]c1NCCSCc1ncccc1Br,1,0.5857713222503662,BBB+,1
CC(=O)[C@]1(O)Cc2c(O)c3c(c(O)c2[C@@H](O[C@H]2C[C@H](N)[C@H](O)[C@H](C)O2)C1)C(=O)c1ccccc1C3=O,0,0.0950571745634079,BBB-,1
CC(=O)OC1C(=O)C2(C)C(O)CC3OCC3(OC(C)=O)C2C(OC(=O)c2ccccc2)C2(O)CC(OC(=O)C(O)C(NC(=O)c3ccccc3)c3ccccc3)C(C)=C1C2(C)C,0,0.07735098153352737,BBB-,1
CC[C@H](C(N)=O)N1CCCC1=O,1,0.8505426645278931,BBB+,1
CCC(=O)OC1(C(=O)COC(C)=O)CCC2C3CCC4=CC(=O)CCC4(C)C3C(O)CC21C,1,0.9975699782371521,BBB+,1
N[C@@H](Cc1cc(I)c(Oc2ccc(O)c(I)c2)c(I)c1)C(=O)O,0,0.06388074904680252,BBB-,0
CC1(C)SC2C(NC(=O)C(N)c3ccc(O)cc3)C(=O)N2C1C(=O)O,0,0.0067644277587533,BBB-,0
CCOC(=O)/C=C1\SC(N2CCCCC2)C(=O)N1C,1,0.8976773619651794,BBB+,0
C[C@H]1C[C@H]2[C@@H]3[C@H]([C@H](O)C[C@@]2(C)[C@@]1(O)C(=O)CO)[C@]1(C)C=CC(=O)C=C1C[C@H]3Cl,1,0.9998160004615784,BBB+,1
CN1CCC[C@@H](N2N[C@@H](Cc3ccc(Cl)cc3)c3ccccc3C2=O)CC1,1,0.9852116107940674,BBB+,1
CN1CCc2cc(Cl)c(O)cc2C(c2ccccc2)C1,1,0.8056809306144714,BBB+,1
O=C1OCC[C@H]1C1(O)CCN(CCCN2c3ccccc3Sc3ccc(Cl)cc32)CC1,1,0.9986730813980103,BBB+,1
ON1CC(NCC2CC2)=Nc2ccc(Cl)cc2[C@@H]1c1ccccc1,1,0.9137664437294006,BBB+,1
CNCCCN1c2ccccc2CCc2cc(O)ccc21,1,0.6974368095397949,BBB+,1
N#Cc1cccc(-c2ccc3cc(O)ccc3c2Oc2ccc(OCCN3CCCCC3)cc2)c1,1,0.7322419881820679,BBB+,1
OC(CBr)C(O)C(O)C(O)CBr,1,0.7107610702514648,BBB+,0
COCCCC/C(=N/OCCN)c1ccc(Cl)cc1,1,0.9091854095458984,BBB+,1
CSC(=O)[C@@]1(OC(C)=O)[C@H](C)C[C@H]2[C@H]3CCC4=CC(=O)C=C[C@@]4(C)[C@@]3(F)[C@H](O)C[C@]21C,1,0.9998834133148193,BBB+,1
C=CCN1CCC23CCCCC2C1Cc1ccc(O)cc13,1,0.9993306398391724,BBB+,1
C[C@@H]1OC2(CCCC[C@@H]2Oc2cccc(Cl)c2)NC1=O,1,0.9002186059951782,BBB+,1
O=C(CCCN1CCN2Cc3[nH]c4ccccc4c3CC2C1)c1ccc(F)cc1,1,0.9485034346580505,BBB+,1
COc1ccc([C@@H](Nc2ncccc2C(N)=O)C2CC(O)C2)cc1F,1,0.7257211804389954,BBB+,0
COc1ccc2c(c1)/C(=C\CCN(C)C)c1ccccc1O2,1,0.844565749168396,BBB+,1
Cc1nc2c(C)cccn2c(=O)c1CCN1CCC(c2noc3cc(F)ccc23)CC1,1,0.8617354035377502,BBB+,1
CC(C)(Oc1ccc(Cl)cc1)C(=O)O,1,0.5122265815734863,BBB+,0
OCC(O)C(O)C(O)C(O)CO,1,0.6286578178405762,BBB+,0
CC(C)=CCN1CC[C@]2(C)c3cc(O)ccc3C[C@@H]1[C@@H]2C,1,0.9801427721977234,BBB+,1
CN1CCc2cc(Cl)c(O)cc2[C@H](c2cc(Br)cc3c2OCC3)C1,1,0.7321423888206482,BBB+,1
CN1CCC23c4c5ccc(O)c4OC2C(C)(O)CC[C@@H]3C1C5,1,0.9972597360610962,BBB+,1
CC(CC#N)N(C)CC(=O)N(C)c1ccc(Cl)cc1C(=O)c1ccccc1F,1,0.8120661377906799,BBB+,1
CC(C)(O/N=C(/C(=O)NC1C(=O)N2C(C(=O)O)=C(C[n+]3ccccc3)CSC12)c1csc(N)n1)C(=O)O,0,0.003666945733129978,BBB-,0
CC(C)(C)[C@@H](O)/C=C/c1ccc2c(c1)OCO2,1,0.6678183078765869,BBB+,1
CCCCCN(C)CCC(O)([P+](=O)O)P(=O)(O)O,0,0.363546222448349,BBB-,0
Cc1nc2n(c(=O)c1CCN1CCC(c3noc4cc(F)ccc34)CC1)CCCC2O,1,0.8576264977455139,BBB+,1
C[C@]12CC(O)[C@H]3[C@@H](CCC4=CC(=O)C=C[C@@]43C)[C@@H]1CC[C@]2(O)C(=O)CO,1,0.9996815919876099,BBB+,1
CN(C)[C@H]1C(=O)C(C(=O)NCN2CCCC2)=C(O)[C@]2(O)C(=O)C3=C(O)c4c(O)cccc4[C@](C)(O)[C@@H]3C[C@H]12,0,0.07118689268827438,BBB-,0
COc1cccc2c1C(=O)c1c(O)c3c(c(O)c1C2=O)C[C@@](O)(C(=O)CO)C[C@@H]3O[C@H]1C[C@H](NC(=O)[C@@H](N)CC(C)C)[C@H](O)[C@H](C)O1,0,0.05974613502621651,BBB-,0
CC(C)OC(=O)CCC/C=C/CC1C(O)CC(O)C1CCC(O)CCc1ccccc1,0,0.20246602594852448,BBB-,0
CCc1c(C)[nH]c2c1C(=O)C1CN(C)CCC1C2,1,0.9293453097343445,BBB+,1
C[C@@H]1C[C@H]2[C@@H]3CCC4=CC(=O)C=C[C@]4(C)[C@@]3(F)[C@@H](O)C[C@]2(C)[C@@]1(O)C(=O)CO,1,0.999963641166687,BBB+,1
C[C@@H]1C[C@H]2[C@@H]3C[C@H](F)C4=CC(=O)C=C[C@]4(C)[C@@]3(F)[C@@H](O)C[C@]2(C)[C@@]1(O)C(=O)SCCl,1,0.9988071918487549,BBB+,1
CN(C)C=Nc1c(I)cc(I)c(CCC(=O)O)c1I,0,0.029387839138507843,BBB-,0
CC(=O)OCC(=O)C1(O)[C@@H](OC(C)=O)C[C@H]2[C@@H]3CCC4=CC(=O)C=CC4(C)C3(F)[C@@H](O)CC21C,1,0.9990754127502441,BBB+,1
CC1(C)S[C@@H]2C(NC(=O)[C@H](NC(=O)c3c[nH]c4cccnc4c3=O)c3ccccc3)C(=O)N2[C@H]1C(=O)O,0,0.010696462355554104,BBB-,0
OCCN1CCN(CCC[C@H]2c3ccc(F)cc3Sc3ccc(C(F)(F)F)cc32)CC1,1,0.9823603630065918,BBB+,1
CN(C)CCOC1=Cc2ccccc2Sc2ccc(Cl)cc21,1,0.9806549549102783,BBB+,1
Nc1nc(C(=CCC(=O)O)C(=O)N[C@H]2C(=O)N3C(C(=O)O)=CCS[C@@H]23)cs1,0,0.02978820726275444,BBB-,0
CC(=O)C1CC[C@H]2[C@@H]3C[C@H](C)C4=CC(=O)C=CC4(C)[C@H]3[C@@H](O)CC12C,1,0.9881023168563843,BBB+,1
COC(=O)[C@H]1[C@H]2C[C@H]3c4[nH]c5cc(OC)ccc5c4CCN3C[C@H]2C[C@H](OC(=O)c2cc(OC)c(OC)c(OC)c2)[C@H]1OC,1,0.894244372844696,BBB+,1
CCC(OC(C)=O)C(CC(C)N(C)C)(c1ccccc1)c1ccccc1,1,0.9576122760772705,BBB+,1
O[C@@H](OCC(CO[C@H](O)C(Cl)(Cl)Cl)(CO[C@H](O)C(Cl)(Cl)Cl)CO[C@H](O)C(Cl)(Cl)Cl)C(Cl)(Cl)Cl,1,1.0,BBB+,1
CCC[C@H]1C[C@H](C(=O)N[C@@H]([C@@H](C)Cl)[C@H]2O[C@@H](SC)[C@H](O)[C@H](O)[C@@H]2O)N(C)C1,0,0.35546889901161194,BBB-,0
CC(=O)Nc1ccc(OC[C@@H](O)CNC(C)C)cc1,1,0.832093358039856,BBB+,1
OC(CCN1CCCCC1)(c1ccccc1)C1CCCCC1,1,0.9500356912612915,BBB+,1
CC1(C)O[C@H]2C[C@H]3[C@@H]4CC5=CC(=O)C=CC5(C)C4(F)[C@@H](O)CC3(C)C2(C(=O)COC(=O)c2cc3ccccc3o2)O1,1,0.999995231628418,BBB+,1
CCSC1(SC)CCC2C3CCC4=CC(=O)C=CC4(C)C3(F)C(O)CC21C,1,0.9734938144683838,BBB+,1
CNCCC=C1c2ccccc2C(C)(C)c2ccccc21,1,0.7307326197624207,BBB+,1
Oc1ccc2[nH]cc(CCCCN3CC=C(c4ccccc4)CC3)c2c1,1,0.9082335829734802,BBB+,1
CCCCCCCCC1(CC)C(=O)NC(=O)NC1=O,1,0.9995580315589905,BBB+,1
Clc1ccc(C(Cn2ccnc2)OCc2ccc(Sc3ccccc3)cc2)c(Cl)c1,1,0.7781100273132324,BBB+,0
CCOC(=O)OCC/C(SC(=O)OCC)=C(\C)N(C=O)Cc1cnc(C)nc1N,1,0.9892473816871643,BBB+,1
CCCC[N+]1(C)[C@@H]2CC(OC(=O)[C@@H](CO)c3ccccc3)C[C@@H]1[C@H]1O[C@H]12,0,0.013920897617936134,BBB-,0
CCC(=O)c1ccc2c(c1)N(C[C@@H](C)N(C)C)c1ccccc1S2,1,0.9932951331138611,BBB+,1
COc1ccccc1CNC1C2CCN(CC2)C1C(c1ccccc1)c1ccccc1,1,0.998543381690979,BBB+,1
O=C1CCCC(=O)C1C(=O)c1ccc(C(F)(F)F)cc1[N+](=O)[O-],1,0.9655784964561462,BBB+,0
CC(C)NC[C@@H](O)COc1cccc2[nH]ccc12,1,0.7925894856452942,BBB+,1
CC(=O)O[C@@H](c1ccccc1)[C@@H]1CCCCN1,1,0.9583554863929749,BBB+,1
CC1(C)O[C@H]2C[C@H]3[C@@H]4C[C@H](F)C5=CC(=O)C=CC5(C)C4(Cl)[C@@H](Cl)CC3(C)C2(C(=O)CF)O1,1,0.9999176263809204,BBB+,1
OC[C@H]1O[C@H](O[C@]2(CO)O[C@H](CO)[C@@H](O)[C@@H]2O)[C@H](O)[C@@H](O)[C@@H]1O,1,0.7254713773727417,BBB+,0
C[C@@H]1[C@H]2Cc3ccc(O)cc3[C@]1(C)CCN2CCc1ccccc1,1,0.9980359673500061,BBB+,1
C[C@@]1(Cn2ccnn2)[C@H](C(=O)O)N2C(=O)C[C@H]2S1(=O)=O,0,0.17519094049930573,BBB-,0
O=NN(CCCl)C(=O)NCCCl,0,0.38036495447158813,BBB-,1
CN1[C@H](C[C@@H](O)c2ccccc2)CCC[C@@H]1CC(=O)c1ccccc1,1,0.9042131900787354,BBB+,1
Cc1c(Cl)cccc1Nc1ncccc1C(=O)O,1,0.5517463088035583,BBB+,0
COCC1=C(C(=O)O)N2C(=O)[C@@H](NC(=O)/C(=N/O)c3csc(N)n3)[C@H]2SC1,0,0.0743640661239624,BBB-,0
Cc1nc2n(c(=O)c1CCN1CCC(c3noc4cc(F)ccc34)CC1)CCC[C@H]2O,1,0.8879665732383728,BBB+,1
CCN(CC)CCNC(=O)c1ccc(N)cc1,1,0.7559407353401184,BBB+,0
COC(=O)NC(C(=O)NC(Cc1ccccc1)C(O)CN(Cc1ccc(-c2ccccn2)cc1)NC(=O)C(NC(=O)OC)C(C)(C)C)C(C)(C)C,0,0.22817958891391754,BBB-,0
CC(=O)[C@H]1CC[C@H]2[C@@H]3CC=C4C[C@@H](O)CC[C@]4(C)[C@H]3CC[C@]12C,1,0.7850744724273682,BBB+,1
O=C1Nc2ccc(Cl)nc2C(c2ccccc2Cl)=N[C@H]1O,1,0.991479218006134,BBB+,1
NC(C(=O)NC1C(=O)N2C(C(=O)O)=C(Cl)CCC12)c1ccccc1,0,0.05042347311973572,BBB-,0
CCN(CC)CCNC(=O)c1cc(Cl)c(N)cc1OC,1,0.75950026512146,BBB+,1
CC[C@@H]1NC(=O)[C@@H](NC(=O)c2ncccc2O)[C@H](C)OC(=O)[C@@H](c2ccccc2)NC(=O)[C@H]2CC(=O)CCN2C(=O)[C@H](Cc2ccccc2)N(C)C(=O)[C@H]2CCCN2C1=O,0,0.0012202465441077948,BBB-,0
COC(=O)[C@@H]1[C@@H](OC(=O)c2ccccc2)C[C@@H]2CC[C@@H]1N2C,1,0.920915961265564,BBB+,1
C[C@@H](NC(C)(C)C)C(=O)c1cccc(Cl)c1,1,0.7574872970581055,BBB+,1
COc1cc2sc(-c3ccccc3)nc2cc1CN[C@H]1CCCN[C@H]1c1ccccc1,1,0.9976533055305481,BBB+,1
COc1ccc(OC)c(C(O)CNC(=O)CN)c1,1,0.6306365132331848,BBB+,0
Nc1nc(C(=CCC(=O)O)C(=O)NC2C(=O)N3C(C(=O)O)=CCSC23)cs1,0,0.019116060808300972,BBB-,0
CC(C)NCC(O)COc1cccc2[nH]ccc12,1,0.7608478665351868,BBB+,1
CCc1nccn1CC(=O)N1CCCC[C@@H]1CCn1cccn1,1,0.7633360028266907,BBB+,1
CC1CCN(CCCC(=O)c2ccc(F)cc2)CC1,1,0.9634386301040649,BBB+,1
CN(C)CCCn1cc(-c2ccccc2)c(-c2ccccc2)n1,1,0.813186526298523,BBB+,1
O=C(O)c1cc(N=Nc2ccc(S(=O)(=O)Nc3ccccn3)cc2)ccc1O,0,0.24855054914951324,BBB-,0
O=C(O)CN(CCN(CC(=O)O)CC(=O)O)CC(=O)O,0,0.00903278961777687,BBB-,0
O=C1COC(N2CCN=C(c3ccccc3Cl)c3cc(Cl)ccc32)=N1,1,0.9928485155105591,BBB+,1
O=C(O)CC[C@@]1(CCC(=O)NCc2cc3cc(F)ccc3[nH]2)CCC(=O)N1,1,0.7426910996437073,BBB+,0
NC(=O)CN1C[C@@H](O)CC1=O,1,0.7921044826507568,BBB+,1
Cc1cc(Br)cc(C(N)=O)c1O,0,0.4496104121208191,BBB-,1
O=C1CN(O)[C@@H](c2ccccc2)c2cc(Cl)ccc2N1,1,0.758791446685791,BBB+,1
CC1CN(Cc2ncccn2)CC1c1nc2c(cnn2C2CCOCC2)c(=O)[nH]1,0,0.45133665204048157,BBB-,1
CC(C)(O/N=C(\C(=O)N[C@@H]1C(=O)N2C(C(=O)O)=C(C[n+]3ccccc3)CS[C@H]12)c1csc(N)n1)C(=O)O,0,0.004671711940318346,BBB-,0
CCCOC(=O)Cn1cc(I)c(=O)c(I)c1,0,0.20717734098434448,BBB-,0
COC(=O)C[C@H](c1cccnc1)c1c(O)c(C(=O)OC)c[nH]c1=O,0,0.20408305525779724,BBB-,1
FC(F)OC(F)(F)C(F)Cl,1,0.847571611404419,BBB+,1
Cc1ccc(NC2=NCCN2)c(C)c1,1,0.6883083581924438,BBB+,0
CCCC(=O)N(c1ccccc1)C1(COC)CCN(CCn2nnn(CC)c2=O)CC1,1,0.9313868284225464,BBB+,1
CC(C)c1nc(CN(C)C(=O)NC(CCN2CCOCC2)C(=O)NC(CCC(Cc2ccccc2)NC(=O)OCc2cncs2)Cc2ccccc2)cs1,1,0.573172390460968,BBB+,0
CCCCCCCNC(=O)Oc1ccc2c(c1)C1(C)CCN(C)C1N2C,1,0.9285855889320374,BBB+,1
CC(=O)OCC(=O)[C@@]1(OC(C)=O)CC[C@H]2C3C[C@@H](F)C4=CC(=O)C(Br)=CC4(C)[C@@]3(F)[C@@H](O)C[C@@]21C,1,0.9999104738235474,BBB+,1
O=C1O[C@H]([C@@H](O)CO)C(O)=C1O,1,0.6945914626121521,BBB+,1
CCn1nnc(NC(=O)C2c3ccccc3Oc3ccccc32)n1,1,0.7875433564186096,BBB+,1
COc1ccc2c(c1)CN(C)C[C@@H]2c1ccc(Cl)c(Cl)c1,1,0.7857128381729126,BBB+,1
NC(=O)CN1C(=O)C(c2ccccc2)c2ccccc21,1,0.8545315265655518,BBB+,1
CCC1(O)C(=O)OCc2c1cc1n(c2=O)Cc2cc3ccccc3nc2-1,1,0.5327669382095337,BBB+,0
CC[C@@H](C)[C@](C)(COC(N)=O)COC(=O)NC(C)C,1,0.8031992316246033,BBB+,1
O=C(CCCN1CC=C(n2c(=O)[nH]c3ccccc32)CC1)c1ccc(F)cc1,1,0.9807990789413452,BBB+,1
CC(=O)OCOC(=O)[C@@H]1N2C(=O)C(NC(=O)Cc3ccccc3)[C@@H]2SC1(C)C,0,0.008409648202359676,BBB-,0
CNC1CC(c2ccc(Cl)c(Cl)c2)c2ccccc21,1,0.8655393123626709,BBB+,1
CC(=O)NNC(=O)CC(O)(c1ccccc1)c1ccccc1,1,0.6310072541236877,BBB+,1
CO/N=C(\C(=O)N[C@@H]1C(=O)N2C(C(=O)OCOC(=O)C(C)(C)C)=C(C)CS[C@H]12)c1csc(N)n1,0,0.03357158601284027,BBB-,0
C=CCN1CCC23c4c5ccc(O)c4O[C@@H]2[C@@H](O)C=C[C@@H]3C1C5,1,0.9996168613433838,BBB+,1
COC(=O)C1C(=O)C=C(Nc2cccc(OC(F)(F)F)c2)CC1C,1,0.8360705971717834,BBB+,1
NCC1CC(=O)N(Cc2ccccc2)C1,1,0.8096667528152466,BBB+,1
CS(=O)(=O)c1ccc2c(c1)N(CCCN1CCC(C(N)=O)CC1)c1ccccc1S2,1,0.9919481873512268,BBB+,1
NC(N)=NCC1COC2(CCCCC2)O1,1,0.720661461353302,BBB+,0
COc1ccc([C@H]2[C@@H](C#N)[C@@H]2S(=O)(=O)c2ccc(Cl)cc2)cc1,1,0.9401368498802185,BBB+,0
CNC1CCc2ncsc2C1,1,0.8426036238670349,BBB+,1
C=CCSCC(=O)NC1C(=O)N2C1SC(C)(C)C2C(=O)O,0,0.012010586448013783,BBB-,0
CC1=C(CC(=O)O)c2cc(F)ccc2/C1=C/c1ccc([S+](C)[O-])cc1,1,0.6369718313217163,BBB+,1
NCCC(O)CNC1CC(N)C(OC2OC(CN)C(O)C(O)C2O)C(O)C1OC1OC(CO)C(O)C(N)C1O,0,0.01668938249349594,BBB-,0
CO/N=C(/C(=O)NC1C(=O)N2C(C(=O)O)=C(CSc3nc(=O)c(=O)[nH]n3C)CS[C@@H]12)c1csc(N)n1,0,0.024929160252213478,BBB-,1
CC[C@H](CO)NCCN[C@H](CC)CO,0,0.20791670680046082,BBB-,0
COC1CC2CCC(C)C(O)(O2)C(=O)C(=O)N2CCCCC2C(=O)OC(C(C)CC2CCC(O)C(OC)C2)CC(=O)C(C)C=C(C)C(O)C(OC)C(=O)C(C)CC(C)C=CC=CC=C1C,0,0.1708241105079651,BBB-,0
NCc1ccccc1CC(=O)N[C@@H]1C(=O)N2C(C(=O)O)=C(CSc3nnnn3CC(=O)O)CS[C@H]12,0,0.012413831427693367,BBB-,0
CON=C(C(=O)NC1C(=O)N2C(C(=O)O)=C(C)CSC12)c1csc(N)n1,0,0.07481339573860168,BBB-,0
Cc1cccc(Cl)c1NC(=O)/C=C1\SCC(=O)N1C,1,0.9597523808479309,BBB+,1
COc1ccc(C(=O)N2CCCC2=O)cc1,1,0.8071922063827515,BBB+,1
Cc1nc(NC(=O)C2c3ccccc3Oc3ccccc32)no1,1,0.7104108929634094,BBB+,1
CN(C)CCCN1c2ccccc2C=Cc2ccccc21,1,0.8997098803520203,BBB+,1
CC1(C)O[C@H]2C[C@@H]3[C@H]4C[C@H](F)C5=CC(=O)C=C[C@@]5(C)[C@]4(Cl)[C@@H](Cl)C[C@@]3(C)[C@@]2(C(=O)CO)O1,1,0.9999988079071045,BBB+,1
CN[C@H]1CCc2ncsc2C1,1,0.8756754398345947,BBB+,1
CN1C(=O)CCS(=O)(=O)[C@H]1c1ccc(Cl)c(Cl)c1,1,0.9431668519973755,BBB+,1
C[C@H]1COC2(c3ccccc3Cl)c3cc(Cl)ccc3NC(=O)CN12,1,0.980350911617279,BBB+,1
COc1cc2c(c(CN[C@H]3CCCN[C@@H]3c3ccccc3)c1)OCC2,1,0.9976771473884583,BBB+,1
CN(C)[C@@H]1C(O)=C(C(=O)NCO)C(=O)C2(O)C(O)=C3C(=O)c4c(O)ccc(Cl)c4C(C)(O)[C@H]3C[C@@H]12,0,0.035253748297691345,BBB-,0
Cc1cnn(-c2c(Cl)cccc2Cl)c1C(=O)N[C@H]1C(=O)N2[C@H]1SC(C)(C)[C@H]2C(=O)O,0,0.007661921437829733,BBB-,0
CCN1C(=O)N[C@H](c2ccccc2)C1=O,1,0.943391740322113,BBB+,1
CC(=O)C1CCC2C3CC(O)C45CC4CCC5(C)C3CCC12C,0,0.43871620297431946,BBB-,1
CCOc1cccc(F)c1B(O)O,1,0.7815237045288086,BBB+,1
c1ccc(-c2nnc(N3CCN(c4ncccn4)CC3)cc2-c2ccncc2)cc1,1,0.7497583031654358,BBB+,1
OCCOC1CCN(CCCN2c3ccccc3Sc3ccc(C(F)(F)F)cc32)CC1,1,0.9878759384155273,BBB+,1
CCCN(CCC)C1Cc2cccc3cc(O)cc(c23)C1,1,0.934370756149292,BBB+,1
CCOC(=O)[C@]1(N)[C@@H](S(=O)(=O)c2ccc(C)cc2)[C@@H]1c1ccccc1,0,0.424561470746994,BBB-,0
CC(=O)OCC(=O)[C@@]1(O)[C@H](C)C[C@H]2C3CC(F)(F)C4=CC(=O)C=C[C@]4(C)[C@@]3(F)[C@@H](O)C[C@@]21C,1,0.9999818801879883,BBB+,1
CCN(CC)c1nc2c(s1)c1c(O)c3c(O)c(C)c4c(c32)C(=O)C(C)(O/C=C/[C@H](OC)[C@H](C)[C@@H](OC(C)=O)[C@@H](C)[C@@H](O)[C@@H](C)[C@@H](O)[C@@H](C)/C=C/C=C(/C)C(=O)N1)O4,0,5.001319891562162e-07,BBB-,0
CN=C(N)NC(=O)Nc1c(C)cccc1C,0,0.2937123775482178,BBB-,0
CC(C)N(CCNC(=O)CN1CCCC1=O)C(C)C,1,0.5695244669914246,BBB+,1
CC(=O)C1CC[C@H]2[C@@H]3CC=C4C[C@@H](OC(=O)CCC(=O)O)CCC4(C)[C@H]3CCC12C,1,0.5662599802017212,BBB+,1
COCCCC/C(=N\OCCN)c1ccc(C(F)(F)F)cc1,1,0.8417487740516663,BBB+,1
CN[C@@H](C)[C@H]1CC[C@H](N)[C@H](O[C@H]2[C@@H](N)C[C@H](N)[C@H](O[C@@H]3OC[C@@](C)(O)[C@@H](NC)[C@@H]3O)[C@H]2O)O1,0,3.822917165052786e-07,BBB-,0
Nc1nc(OC(C(F)(F)F)C(F)(F)F)ccc1[N+](=O)[O-],1,0.6735052466392517,BBB+,0
Clc1ccc2c(c1)C(c1ccccc1)=NCc1nncn1-2,1,0.9569411277770996,BBB+,1
O=C1NCCCC1N1C(=O)c2ccccc2S1(=O)=O,1,0.7915884852409363,BBB+,1
CC(C)C[C@@H](N)C(=O)N[C@H](CCCN)C(=O)N[C@@H](C(=O)N[C@H](CCCN)C(=O)N1CCC[C@H]1C(=O)N[C@@H](C=O)Cc1ccccc1)C(C)C,0,0.10740301012992859,BBB-,0
COc1ccc2c(c1OC)C(=O)O[C@@H]2[C@@H]1c2c(cc3c(c2OC)OCO3)CCN1C,1,0.8368178009986877,BBB+,1
CNC(=O)C[C@H](N)C(=O)N[C@H](C(=O)N[C@H]1C(=O)N2[C@H]1SC(C)(C)[C@@H]2C(=O)O)c1ccc(O)cc1,0,0.004284084774553776,BBB-,0
CC(=O)OCC1=C(C(=O)O)N2C(=O)[C@@H](NC(=O)Cc3ccccc3)[C@H]2SC1,0,0.07343559712171555,BBB-,0
NC[C@@H]1CC[C@H](N)[C@H](O[C@H]2[C@@H](N)C[C@H](N)[C@H](O[C@H]3O[C@@H](CO)[C@@H](O)[C@H](N)[C@@H]3O)[C@H]2O)O1,0,4.931944204145111e-06,BBB-,0
CN(C)C1C(=O)C(C(N)=O)=C(O)C2(O)C(=O)C3=C(O)c4c(O)cccc4C(C)(O)C3C(O)C12,0,0.03444201871752739,BBB-,0
CC(C)(Oc1ccccc1)C(=O)NC1C(=O)N2[C@H]1SC(C)(C)[C@@H]2C(=O)O,0,0.006058503873646259,BBB-,0
OC1CCCCC1N1CCC(c2ccccc2)CC1,1,0.8379287719726562,BBB+,1
C#CC1(O)CCC2C3CCC4=Cc5c(cnn5-c5ccc(F)cc5)CC4(C)C3CCC21C,0,0.4361725449562073,BBB-,1
O=C1CC2(CCCC2)CC(=O)N1CCNCC1COc2ccccc2O1,1,0.9819095134735107,BBB+,1
CCCCC(CC)COC(=O)C(C#N)=C(c1ccccc1)c1ccccc1,1,0.5712177753448486,BBB+,0
CN(C)C1C(=O)C(C(=O)NCNCCCCC(N)C(=O)O)=C(O)C2(O)C(=O)C3=C(O)c4c(O)cccc4C(C)(O)C3CC12,0,0.03645987808704376,BBB-,0
CC(C)[C@H](N)C(=O)OCC(CO)OCn1cnc2c(=O)[nH]c(N)nc21,0,0.48283499479293823,BBB-,1
CN1CCO[C@H](c2ccccc2)c2ccccc2C1,1,0.903078556060791,BBB+,1
CN(C)[C@@H]1C(=O)C(C(N)=O)=C(O)[C@@]2(O)C(=O)C3=C(O)c4c(O)cccc4[C@@](C)(O)[C@H]3C[C@@H]12,0,0.03766438737511635,BBB-,0
CC(C)C[C@H](N)C(=O)N[C@@H](CCCN)C(=O)N[C@H](C(=O)N[C@@H](CCCN)C(=O)N1CCC[C@H]1C(=O)N[C@@H](C=O)Cc1ccccc1)C(C)C,0,0.011925198137760162,BBB-,0
Cc1ccc2c(c1)[C@H]1CN(C)CC[C@H]1N2,1,0.9991409778594971,BBB+,1
CN1C(=O)[C@@H](O)N=C(c2ccccc2F)c2cc(Cl)ccc21,1,0.9968206882476807,BBB+,1
CC(=O)OCC(=O)[C@]12N=C(C)O[C@H]1C[C@H]1[C@@H]3CCC4=CC(=O)C=C[C@]4(C)[C@H]3[C@@H](O)C[C@]12C,1,0.9998908042907715,BBB+,1
Cc1nc2n(c(=O)c1CCN1CCC(c3noc4cc(F)ccc34)CC1)CCCC2,1,0.8872961401939392,BBB+,1
Cc1nnc(SCC2=C(C(=O)O)N3C(=O)[C@@H](NC(=O)Cn4cnnn4)[C@H]3SC2)s1,0,0.005798665806651115,BBB-,0
CN1C(=O)C(O)N=C(c2ccccc2Cl)c2cc(Cl)ccc21,1,0.9864831566810608,BBB+,1
CS(=O)(=O)c1ccc(C(O)C(CF)NC(=O)C(Cl)Cl)cc1,1,0.7310329079627991,BBB+,1
Clc1cc(Cl)c2c(c1)CCc1ccccc1C2n1ccnc1,1,0.7224975228309631,BBB+,0
CSC(=O)C1(OC(C)=O)C(C)CC2C3CCC4=CC(=O)C=CC4(C)C3(F)C(O)CC21C,1,0.9984527826309204,BBB+,1
Cc1nnc(SCC2=C(C(=O)O)N3C(=O)C(NC(=O)Cn4cc(Cl)c(=O)c(Cl)c4)C3SC2)s1,0,0.002366857836022973,BBB-,0
CC(=O)Nc1ccc(OC(=O)[C@@H]2CCC(=O)N2)cc1,1,0.8780248165130615,BBB+,1
C[C@@]12C=CC(=O)[C@H]1C(=O)CC[C@@H]1[C@H]2[C@@H](O)C[C@@]2(C)[C@@H]1CC[C@@]2(O)C(=O)CO,1,0.9953691363334656,BBB+,1
C/C=C/C=C/[C@H]1O[C@@](O)([C@@H](CC)C(=O)NC/C=C/C=C(\C)[C@@H](OC)[C@@H](C)[C@H]2O[C@@H](/C=C/C=C/C=C(\C)C(=O)c3c(O)ccn(C)c3=O)[C@@H](O)[C@@H]2O)[C@H](O)[C@@H](O[C@H]2O[C@H](C)[C@H](O[C@H]3O[C@@H](C)[C@H](OC)[C@@H](O)[C@@H]3OC)[C@@H](OC)[C@@H]2O)C1(C)C,0,2.3124627546167176e-07,BBB-,0
CC(N)C(O)c1cccc(O)c1,1,0.5531966090202332,BBB+,0
Nc1ccc(-c2nc3ccc(O)cc3s2)cc1I,0,0.3182918429374695,BBB-,1
CCC(=O)O[C@](Cc1ccccc1)(c1ccccc1)[C@H](C)CN(C)C,1,0.87762451171875,BBB+,1
COC[C@@]1(C(N)=S)[C@@H](S(C)(=O)=O)[C@@H]1c1ccc2c(c1)OCO2,1,0.7369460463523865,BBB+,1
Cc1cccc(Cl)c1NC(=O)/C=C1/SCC(=O)N1C,1,0.9597523808479309,BBB+,1
CON=C(C(=O)NC1C(=O)N2C(C(=O)O)=C(CSc3nc(C)c(CC(=O)O)s3)CSC12)c1csc(N)n1,0,0.004253443796187639,BBB-,0
CCC(=O)N(c1ccccc1)C1(COC)CCN(CCc2cccs2)CC1,1,0.9724209904670715,BBB+,1
CCOC(OCC)C(=O)OCC(=O)[C@]1(O)Cc2c(O)c3c(c(O)c2[C@@H](O[C@H]2C[C@H](N)[C@H](O)[C@H](C)O2)C1)C(=O)c1c(OC)cccc1C3=O,0,0.019340310245752335,BBB-,0
Cc1ccc(NC2=NCCN2)c(Cl)c1,1,0.7578752636909485,BBB+,1
CO/N=C(\C(=O)NC1C(=O)N2C(C(=O)O)=C(CSc3cnns3)CS[C@@H]12)c1csc(N)n1,0,0.022712497040629387,BBB-,0
CC(C)N1CCN(c2ccc(OC[C@H]3CO[C@](Cn4cncn4)(c4ccc(Cl)cc4Cl)O3)cc2)CC1,1,0.5218941569328308,BBB+,0
COC1C(O)CC(=O)OC(C)CC=CC=CC(OC2CCC(N(C)C)C(C)O2)C(C)CC(CC=O)C1OC1OC(C)C(OC2CC(C)(O)C(O)C(C)O2)C(N(C)C)C1O,0,0.014210336841642857,BBB-,0
COc1ccc2c(c1)[C@@](O)(CCCN(C)C)c1ccccc1S2,1,0.9783238768577576,BBB+,1
CC(=O)O[C@@H](C)C(=O)[C@@]1(O)CC[C@H]2[C@@H]3CCC4=CC(=O)C=C[C@]4(C)[C@@]3(F)[C@@H](O)C[C@@]21C,1,0.9995484948158264,BBB+,1
Nc1ccn([C@@H]2O[C@H](CO)[C@@H](O)[C@H]2O)c(=O)n1,1,0.7664761543273926,BBB+,1
CCCCNC(=O)OCC(C)(CCC)COC(N)=O,1,0.8664894104003906,BBB+,1
CCC(Oc1ccccc1)C(=O)NC1C(=O)N2C1SC(C)(C)C2C(=O)O,0,0.026134517043828964,BBB-,0
O=C(Cc1ccc(Cl)c(Cl)c1)N1CCc2ccsc2C1CN1CCCC1,1,0.8559617400169373,BBB+,1
CC(=O)OCC(=O)C12N=C(C)OC1CC1C3CCC4=CC(=O)C=CC4(C)[C@@]3(F)C(O)CC12C,1,0.9999805688858032,BBB+,1
CO/N=C(/C(=O)N[C@@H]1C(=O)N2C(C(=O)O)=C(CSc3nnnn3C)CS[C@H]12)c1csc(N)n1,0,0.05892673507332802,BBB-,0
CO[C@H]1/C=C/O[C@@]2(C)Oc3c(C)c(O)c4c(O)c(c(/C=N/N5CCN(C6CCCC6)CC5)c(O)c4c3C2=O)NC(=O)/C(C)=C\C=C\[C@H](C)[C@H](O)[C@@H](C)[C@@H](O)[C@@H](C)[C@H](OC(C)=O)[C@@H]1C,0,8.184545094991336e-07,BBB-,0
COc1cc2c(cc1OC)[C@H](Cc1cc(OC)c(OC)c(OC)c1)[N@+](C)(CCCOC(=O)CC/C=C/CCC(=O)OCCC[N@+]1(C)CCc3cc(OC)c(OC)cc3[C@@H]1Cc1cc(OC)c(OC)c(OC)c1)CC2,0,1.5174575764831388e-06,BBB-,0
C[C@H]1C[C@H]2[C@@H]3[C@@H](Cl)CC4=CC(=O)C=CC4(C)[C@H]3[C@@H](O)CC2(C)C1(O)C(=O)CO,1,0.9909997582435608,BBB+,1
CN(C)CCC=C1c2ccccc2CNc2cc(Cl)ccc21,1,0.9674661755561829,BBB+,1
O=C1CC[C@H](C(=O)N2CCCCC2)N1,1,0.8256052136421204,BBB+,1
C[N+]1([O-])C2CCC1CC(OC(=O)C(CO)c1ccccc1)C2,1,0.9945607781410217,BBB+,1
C=CCN1CC[C@]23c4c5ccc(O)c4O[C@@H]2[C@]2(OC)C=C[C@]3(C[C@@H]2[C@](C)(O)CCC)[C@H]1C5,1,0.9992583394050598,BBB+,1
CN1CCN2c3ccccc3Cc3ccccc3C2C1,1,0.9883232712745667,BBB+,1
COc1ccc(-c2cc(NCCO)c3ccccc3n2)cc1,1,0.6862974166870117,BBB+,1
COc1cccc2c1C(=O)c1c(O)c3c(c(O)c1C2=O)C[C@](O)(C(=O)CO)C[C@@H]3O[C@@H]1C[C@@H](NC(=O)[C@@H](N)CC(C)C)[C@@H](O)[C@H](C)O1,0,0.03084811381995678,BBB-,0
CCC(=O)OC1(c2ccccc2)CCN(C)C[C@@H]1CC,1,0.9719099402427673,BBB+,1
O=C1[C@@H]2[C@H](C(=O)N1CCCCN1CCN(c3ncccn3)CC1)[C@@H]1C=C[C@H]2[C@@H]2C=C[C@H]12,1,0.9998722076416016,BBB+,1
CC1C2C(=O)c3ccc(O)cc3C1(C)CCN2CC1CC1,1,0.9821231961250305,BBB+,1
CCC1(O)CC2CN(CCc3c([nH]c4ccccc34)C(C(=O)OC)(c3cc4c(cc3OC)N(C=O)C3C(O)(C(=O)OC)C(OC(C)=O)C5(CC)C=CCN6CCC43C65)C2)C1,0,0.2304730862379074,BBB-,0
CC(=O)OCC(=O)OCCC(SC(=O)c1ccco1)=C(C)N(C=O)Cc1cnc(C)nc1N,1,0.989956796169281,BBB+,1
COc1ccc(C(C)C)cc1CN[C@H]1C2CCN(CC2)[C@H]1C(c1ccccc1)c1ccccc1,1,0.9996520280838013,BBB+,1
CN(C)[C@@H]1C(=O)C(C(N)=O)=C(O)[C@@]2(O)C(=O)C3=C(O)c4c(O)ccc([N+](=O)[O-])c4C[C@H]3C[C@@H]12,0,0.03038927912712097,BBB-,0
NC[C@H]1CC[C@@H](N)[C@H](O[C@H]2[C@@H](N)C[C@H](N)[C@@H](O[C@H]3O[C@H](CO)[C@@H](O)[C@H](N)[C@@H]3O)[C@@H]2O)O1,0,2.6958679882227443e-05,BBB-,0
CCCCC(=O)OC1(C(=O)CO)[C@@H](C)C[C@H]2[C@@H]3CCC4=CC(=O)C=CC4(C)C3(F)[C@@H](O)CC21C,1,0.9999785423278809,BBB+,1
C[C@]12CC(=O)[C@H]3[C@@H](CCC4=CC(=O)C=C[C@@]43C)[C@@H]1CCC2(O)C(=O)CO,1,0.9966514706611633,BBB+,1
CO[C@]12CC[C@@]3(C[C@@H]1[C@](C)(O)C(C)(C)C)[C@H]1Cc4ccc(O)c5c4[C@@]3(CCN1CC1CC1)[C@H]2O5,1,0.9997219443321228,BBB+,1
CCCCOCC(CN1C(=O)N(CC(COCCCC)OC(N)=O)C(=O)C(CC)(c2ccccc2)C1=O)OC(N)=O,1,0.9994879961013794,BBB+,1
CC[C@@]1(O)C[C@H](O[C@H]2C[C@H](N3CCOCC3)[C@H](O)[C@H](C)O2)c2c(O)c3c(c(O)c2[C@H]1O)C(=O)c1cccc(O)c1C3=O,0,0.06635706126689911,BBB-,1
CC(=O)Nc1ccc([C@H](O)CNC(C)C)cc1,1,0.827582836151123,BBB+,1
C[C@]12C[C@H](O)[C@H]3[C@@H](CCC4=CC(=O)CC[C@@]43C)[C@@H]1CC[C@@H]2C(=O)CO,1,0.7665449380874634,BBB+,0
COC(=O)C[C@H](CC(C)C)c1c(O)c(C(=O)OC)c[nH]c1=O,0,0.26613304018974304,BBB-,1
N#CCCN1C(=O)[C@H](O)N=C(c2ccccc2F)c2cc(Cl)ccc21,1,0.9957051873207092,BBB+,1
CCCCC[C@H](O)/C=C/[C@H]1[C@H](O)CC(=O)[C@@H]1CCCCCCC(=O)O,0,0.29817941784858704,BBB-,0
CC(C)[C@@]1(O)CCN2C[C@H]3c4ccccc4CCc4cccc(c43)[C@H]2C1,1,0.9861934781074524,BBB+,1
Cc1cccc(N2CCN(CCc3cc(C)[nH]n3)CC2)c1,1,0.7869437336921692,BBB+,1
CCCCc1nc(CCCC)n(Cc2ccc(-c3ccccc3-c3nn[nH]n3)nc2)n1,0,0.0631483867764473,BBB-,0
O=[N+]([O-])c1nccn1C[C@H](O)COCF,1,0.7839996218681335,BBB+,1
CO[C@]1(NC(=O)CSC[C@H](N)C(=O)O)C(=O)N2C(C(=O)O)=C(CSc3nnnn3C)CS[C@@H]21,0,0.020272374153137207,BBB-,0
Cn1c(=O)cc(N2CCCC(N)C2)n(Cc2ccccc2C#N)c1=O,1,0.5666494965553284,BBB+,0
C[C@@H]1C[C@H]2[C@@H]3C[C@H](F)C4=CC(=O)C=C[C@]4(C)C3(Cl)[C@@H](F)C[C@]2(C)[C@H]1C(=O)CO,1,0.9709708094596863,BBB+,1
N[C@@H](Cc1cc(I)c(Oc2cc(I)c(O)c(I)c2)c(I)c1)C(=O)O,0,0.021934419870376587,BBB-,0
COc1cc2c(cc1OC)C1CC(=O)C(CC(C)C)CN1CC2,1,0.8323227167129517,BBB+,1
C[C@@H](COc1ccccc1)NN,1,0.9072505235671997,BBB+,1
CC[C@@H]1CC[C@H](N)[C@H](O[C@@H]2[C@@H](N)C[C@H](N)[C@H](O[C@@H]3OC[C@@](C)(O)[C@H](NC)[C@@H]3O)[C@H]2O)O1,0,9.257168130716309e-06,BBB-,0
Cc1cc(=O)oc2cc(O)ccc12,1,0.5657265186309814,BBB+,0
Cc1cccc(N(C)C(=S)Oc2ccc3ccccc3c2)c1,1,0.8251665830612183,BBB+,0
COc1cc(Nc2c(C#N)cnc3cc(OCCCN4CCN(C)CC4)c(OC)cc23)c(Cl)cc1Cl,0,0.44084474444389343,BBB-,0
CN1CCCC[C@@H]1CCN1c2ccccc2Sc2ccc([S@@+](C)[O-])cc21,1,0.9975361824035645,BBB+,1
CC1(C)S[C@@H]2[C@H](NC(=O)c3nc4ccccc4nc3C(=O)O)C(=O)N2[C@@H]1C(=O)O,0,0.0065034255385398865,BBB-,0
CC(C)Cc1ccc([C@@H](C)C(=O)O)cc1,1,0.7591144442558289,BBB+,1
CCCC1(CCc2ccccc2)CC(O)=C(C(CC)c2cccc(NS(=O)(=O)c3ccc(C(F)(F)F)cn3)c2)C(=O)O1,0,0.29149916768074036,BBB-,0
C[C@H]1C=CC=CC=CC=CC=CC=CC=C[C@H](O[C@H]2O[C@H](C)[C@H](O)[C@H](N)[C@@H]2O)C[C@H]2O[C@](O)(C[C@H](O)[C@H]2C(=O)O)C[C@@H](O)[C@@H](O)CC[C@@H](O)C[C@@H](O)C[C@@H](O)CC(=O)O[C@H](C)[C@@H](C)[C@H]1O,0,7.0168953243410215e-06,BBB-,0
CCN(CC)C(=O)N[C@H]1C=C2c3cccc4[nH]cc(c34)C[C@@H]2N(C)C1,1,0.9854714870452881,BBB+,1
CNC(=O)CCN1CCN(CC/C=C2/c3ccccc3Sc3ccc(Cl)cc32)CC1,1,0.9935448169708252,BBB+,1
CC(=O)c1ccc2c(c1)N(CCCN(C)C)c1ccccc1S2,1,0.9846442937850952,BBB+,1
c1ccc(NCCCOc2cccc(CN3CCCCC3)c2)nc1,1,0.8754070401191711,BBB+,1
CCC1NC(=O)C(NC(=O)c2ncccc2O)C(C)OC(=O)C(c2ccccc2)NC(=O)C2CC(=O)CCN2C(=O)C(Cc2ccccc2)N(C)C(=O)C2CCCN2C1=O,0,0.021445374935865402,BBB-,0
Clc1cc(Cl)c(OCC#CI)cc1Cl,0,0.262430340051651,BBB-,0
CCOC(=O)NNC(C)c1ccccc1,1,0.8759706020355225,BBB+,1
CC[C@H]1OC(=O)[C@@H](C)[C@H](O[C@H]2C[C@@](C)(OC)[C@@H](O)[C@H](C)O2)[C@@H](C)[C@H](O[C@H]2O[C@H](C)C[C@H](N(C)C)[C@@H]2O)[C@](C)(OC)C[C@H](C)C(=O)[C@H](C)[C@@H](O)[C@@]1(C)O,0,1.377249532197311e-07,BBB-,0
CN(C(=O)CN(CCO)CCO)c1ccc(Cl)cc1C(=O)c1ccccc1Cl,1,0.6266557574272156,BBB+,1
C=CCN1CCC23c4c5ccc(O)c4O[C@@H]2C2(OC)C=CC3(C[C@H]2C(C)(O)CCC)C1C5,1,0.9997121691703796,BBB+,1
O=c1[nH]c2cc(Cl)c(Cl)c([N+](=O)[O-])c2[nH]c1=O,1,0.6707481145858765,BBB+,1
Clc1ccc(C2C3CCC(C3)C23CCC(N2CCOCC2)=N3)cc1,1,0.868967592716217,BBB+,1
CCN(CC)C(=O)[C@@H]1CN2CCc3cc(OC)c(OC)cc3[C@@H]2C[C@H]1OC(C)=O,1,0.8169606328010559,BBB+,1
Cc1onc(-c2c(F)cccc2Cl)c1C(=O)NC1C(=O)N2C1SC(C)(C)C2C(=O)O,0,0.004226264078170061,BBB-,0
CC1(C)S[C@@H]2[C@H](NC(=O)[C@H](N)C3=CCC=CC3)C(=O)N2[C@H]1C(=O)O,0,0.003235563402995467,BBB-,0
CCOC(=O)c1c[nH]c(=O)c2c1OC(=O)C[C@@H]2c1ccc2c(c1)n(C)c(=O)n2C,0,0.23279431462287903,BBB-,0
C=C1C(=CC=C2CCCC3(C)C2CCC3C(C)CCCC(C)C)CC(O)CC1O,0,0.019058270379900932,BBB-,0
COc1ccc2c(c1)[C@@]13CCCC[C@H]1[C@@H](C2)N(C)CC3,1,0.999803364276886,BBB+,1
Cc1onc(-c2ccccc2)c1C(=O)N[C@@H]1C(=O)N2[C@H]1SC(C)(C)[C@@H]2C(=O)O,0,0.0053416769951581955,BBB-,0
C[C@@H]([C@](O)(Cn1cncn1)c1ccc(F)cc1F)S(C)(=O)=O,1,0.809132993221283,BBB+,1
CN(C)[C@@H]1C(=O)C(C(=O)NC(C(=O)O)N2CCN(CCO)CC2)=C(O)[C@@]2(O)C(=O)C3=C(O)c4c(O)cccc4[C@@](C)(O)[C@H]3C[C@@H]12,0,0.007715240586549044,BBB-,0
CN(C)CCOC(C)(c1ccccc1)c1ccccn1,1,0.8322876691818237,BBB+,1
CC12CC(=O)[C@H]3C(CC[C@H]4C[C@H](O)CCC43C)[C@@H]1CCC2C(=O)CO,1,0.7405155897140503,BBB+,1
CN1[C@H]2CC[C@@H]1CC(NC(=O)c1cn(C3CCCCC3)c3ccccc3c1=O)C2,1,0.849845290184021,BBB+,1
CC[C@]12CCN(CC3(O)CC3)[C@H](Cc3ccc(O)cc31)C2(C)C,1,0.9925421476364136,BBB+,1
O=C1NNC(=O)C1(c1ccccc1)c1ccccc1,1,0.8648039698600769,BBB+,1
Nc1nc(=O)n([C@@H]2CS[C@H](CO)O2)cc1F,1,0.7872632741928101,BBB+,0
O=C(c1ccccn1)N1CCN(Cc2ccccc2)CC1,1,0.8237642645835876,BBB+,1
COc1ccc(C(C)C)cc1CNC1C2CCN(CC2)C1C(c1ccccc1)c1ccccc1,1,0.9972526431083679,BBB+,1
CN(CCOc1ccc(NS(C)(=O)=O)cc1)CCc1ccc(NS(C)(=O)=O)cc1,1,0.5695411562919617,BBB+,0
O=P(O)(O)C(O)(Cc1cccnc1)P(=O)(O)O,0,0.11800213158130646,BBB-,0
COc1cc2c(cc1OC)C(c1cccc(Cl)c1)=NN=C(C)C2,1,0.9719989895820618,BBB+,1
CCCc1nc(C(C)(C)O)c(C(=O)O)n1Cc1ccc(-c2ccccc2-c2nn[nH]n2)cc1,0,0.02278939075767994,BBB-,0
CC(C)(C)[C@@]1(O)CCN2C[C@@H]3c4ccccc4CCc4cccc(c43)[C@H]2C1,1,0.9856886863708496,BBB+,1
COc1ccc2c(c1)C(=O)N(CCc1ccc(S(=O)(=O)NC(=O)NC3CCCCC3)cc1)C(=O)C2(C)C,0,0.19320859014987946,BBB-,0
CC[C@@]1(O)C(=O)OCc2c1cc1n(c2=O)Cc2cc3ccccc3nc2-1,0,0.472220242023468,BBB-,1
CN(C)CC[C@@]1(c2ccccc2)C=Cc2ccccc21,1,0.9575129151344299,BBB+,1
C=Cc1c2[nH]c(c1C)C=C1N=C(C=c3[nH]c(c(CCC(=O)O)c3C)=Cc3[nH]c(c(C)c3CCC(=O)OC)C2)C2(C)C1=CC=C(C(=O)OC)C2C(=O)OC,0,0.28748220205307007,BBB-,0
CC(=O)C1(O)Cc2c(O)c3c(c(O)c2[C@@H](O[C@@H]2C[C@H](N)[C@H](O)[C@H](C)O2)C1)C(=O)c1c(O)cccc1C3=O,0,0.03206898644566536,BBB-,0
CCc1c(OC)nc2nc(C(=O)c3ccccc3)cn2c1C,1,0.7943039536476135,BBB+,1
C[C@@H]1C[C@H]2C3C[C@H](F)C4=CC(=O)C=CC4(C)[C@@]3(F)[C@@H](O)CC2(C)[C@@]1(O)C(=O)COC(=O)C(C)(C)C,1,0.9999974966049194,BBB+,1
CON=C1CN(c2nc3c(cc2F)c(=O)c(C(=O)O)cn3C2CC2)CC1CN,0,0.3424083888530731,BBB-,0
CC(C)(C)NC(=O)NC(C(=O)N1CC2C(C1C(=O)NC(CC1CCC1)C(=O)C(N)=O)C2(C)C)C(C)(C)C,0,0.17252589762210846,BBB-,0
COc1cccc2c1C(=O)c1c(O)c3c(c(O)c1C2=O)CC(O)(C(=O)CO)CC3OC1CC(N)C(O)C(C)O1,0,0.09868942201137543,BBB-,1
CO/N=C(/C(=O)N[C@@H]1C(=O)N2C(C(=O)O)=C(CSc3nc(C)c(CC(=O)O)s3)CS[C@H]12)c1csc(N)n1,0,0.006230420432984829,BBB-,0
CCOC(=O)n1ccn(C)c1=S,1,0.8318179845809937,BBB+,0
CC[C@H]1OC(=O)[C@@H](C)[C@H](O[C@@H]2C[C@@](C)(OC)[C@@H](O)[C@H](C)O2)[C@@H](C)[C@H](O[C@@H]2O[C@H](C)C[C@H](N(C)C)[C@H]2O)[C@](C)(O)C[C@@H](C)CN(C)[C@H](C)C(O)[C@@]1(C)O,0,2.610501326216763e-07,BBB-,0
COc1ccc([C@H]2[C@@H](S(C)(=O)=O)[C@]2(C#N)CO)cc1,1,0.7494262456893921,BBB+,0
CO[C@@H]1[C@@H](OC2O[C@H](C)[C@@H](O[C@H]3C[C@@](C)(O)[C@@H](O)[C@H](C)O3)[C@H](N(C)C)[C@H]2O)[C@@H](CC=O)C[C@@H](C)[C@@H](O)C=CC=CC[C@@H](C)OC(=O)C[C@H]1O,0,0.0003369515179656446,BBB-,0
OCCN1CCN(CC/C=C2/c3ccccc3COc3ccc(Cl)cc32)CC1,1,0.9108949899673462,BBB+,1
CC(=O)OCC(=O)[C@H]1[C@H](C)C[C@H]2[C@@H]3C[C@H](F)C4=CC(=O)C=C[C@]4(C)C3(Cl)[C@@H](O)C[C@@]21C,1,0.9814171195030212,BBB+,1
FC(F)OC(F)(F)[C@@H](F)Cl,1,0.8839070200920105,BBB+,1
CN(C)Cc1ccc(-c2c[nH]c(=O)c3cccc(O)c23)cc1,1,0.5896939039230347,BBB+,1
CN1CC[C@]23c4c5ccc(O)c4O[C@H]2[C@@H](O)C=C[C@H]3[C@H]1C5,1,0.9765077829360962,BBB+,1
CCC(=O)OCC(=O)[C@@]12OC(C)(C)O[C@@H]1CC1C3C[C@H](F)C4=CC(=O)C=CC4(C)[C@@]3(F)C(O)CC12C,1,0.9999905824661255,BBB+,1
COC(=O)Nc1nc2ccc(C(=O)N3CCN(c4ccccn4)CC3)cc2[nH]1,1,0.5811626315116882,BBB+,0
CC12CCC(=O)C=C1CCC1C2CCC2(C)C(O)CCC12,0,0.1269727349281311,BBB-,1
Nc1nc(NC2CC2)c2ncn([C@H]3C=C[C@@H](CO)C3)c2n1,1,0.9256914854049683,BBB+,1
COc1ccc(NC(=O)C[C@@H]2OC(=O)c3c2ccc(OC)c3OC)cc1N1CCCS1(=O)=O,0,0.4850519001483917,BBB-,0
FCOC(C(F)(F)F)C(F)(F)F,1,0.8437782526016235,BBB+,1
N[C@@H](C(=O)N[C@@H]1C(=O)N2C(C(=O)O)=C(Cl)CS[C@@H]12)c1ccccc1,0,0.1030096709728241,BBB-,0
C[C@H](O)C1C(=O)N2C(C(=O)O)=C(SCC/N=C\N)C[C@@H]12,0,0.004295688588172197,BBB-,0
CN(C)CCC[C@@]1(c2ccc(F)cc2)OCc2cc(C#N)ccc21,1,0.9278469681739807,BBB+,1
CCC(NC(=O)c1c(OCC(=O)O)c(-c2ccccc2)nc2ccccc12)c1ccccc1,0,0.3274974822998047,BBB-,1
CCCCOCCOC(=O)COc1ccc(Cl)cc1C,1,0.644079327583313,BBB+,1
CC12C=CC(=O)C=C1CCC1C3CC4Cc5ccccc5CC4(C(=O)CO)C3(C)CC(O)C12F,1,0.9998542070388794,BBB+,1
CC(=O)O[C@H](CC(=O)O)C[N+](C)(C)C,0,3.782705562116462e-07,BBB-,0
CN1CCN(C(=O)O[C@@H]2c3nccnc3C(=O)N2c2ccc(Cl)cn2)CC1,1,0.9542234539985657,BBB+,1
CCCN(CCC)C(=O)C(CCC(=O)O)NC(=O)c1ccccc1,1,0.5528851747512817,BBB+,0
CC(=O)[C@@]1(O)[C@H](O)C[C@H]2[C@@H]3CCC4=CC(=O)CC[C@]4(C)[C@H]3CC[C@@]21C,1,0.577498197555542,BBB+,1
CC1(C)S[C@@H]2[C@H](NC(=O)C34CC5CC(CC(N)(C5)C3)C4)C(=O)N2[C@H]1C(=O)O,0,0.008474955335259438,BBB-,0
C[C@H]1C[C@@H](OC(=O)[C@@H]2CCC(=O)N2)CC(C)(C)C1,1,0.7846194505691528,BBB+,1
CC(=O)[C@H]1CC[C@H]2[C@@H]3CCC4=CC(=O)CC[C@]4(C)[C@H]3CC[C@]12C,1,0.8908113241195679,BBB+,1
CCC(NC(=O)c1c(OCCNC(=O)Cc2ccccc2C(=O)O)c(-c2ccccc2)nc2ccccc12)c1ccccc1,0,0.24545249342918396,BBB-,0
CC(=O)OCC1=C(C(=O)O)N2C(=O)[C@H](NC(=O)Cc3cccs3)[C@H]2SC1,0,0.0537281297147274,BBB-,0
CCCCCCCCCCCCCC(=O)O[C@H]1C=C[C@H]2[C@H]3Cc4ccc(OCc5ccccc5)c5c4[C@]2(CCN3C)[C@@H]1O5,1,0.9994853734970093,BBB+,1
CCC(=O)N(c1ccc(Cl)c(Cl)c1)[C@H]1CCC[C@@H]1N(C)C,1,0.9357324838638306,BBB+,1
Nc1ncnc2c1ncn2C1OC(COP(=O)(O)O)C(O)C1O,0,0.406028687953949,BBB-,0
CC(=O)OCC(=O)[C@@]1(O)CC[C@H]2[C@H]3CCC4=CC(=O)C=C[C@@]4(C)[C@H]3[C@H](O)C[C@]21C,1,0.9997830986976624,BBB+,1
O=C1CCC(c2ccccc2)(C2CCN(C/C=C/c3ccccc3)CC2)C(=O)N1,1,0.9894976615905762,BBB+,1
C[C@@H](CN1CC(=O)NC(=O)C1)N1CC(=O)NC(=O)C1,0,0.2885046601295471,BBB-,0
CC12C=CC(=O)C=C1CCC1C3CCC(O)(C(=O)CO)C3(C)CC(O)C12F,1,0.9982185959815979,BBB+,1
Cc1ccc2c(c1)[C@]13CCCC[C@H]1[C@@H](C2)N(C)CC3,1,0.997534990310669,BBB+,1
C=CC1=C(C(=O)O)N2C(=O)C(NC(=O)/C(=N/OCC(=O)O)c3csc(N)n3)C2SC1,0,0.013914025388658047,BBB-,0
CO/N=C(/C(=O)N[C@H]1C(=O)N2C(C(=O)O)=C(COC(C)=O)C[S+]([O-])[C@@H]12)c1csc(N)n1,0,0.03869860619306564,BBB-,0
COC1=CC(=O)O[C@H]1[C@H](O)c1ccccc1Cl,1,0.9377489686012268,BBB+,1
CS(=O)(=O)[C@H]1[C@H](c2ccccc2)[C@@]1(N)CO,1,0.6648415923118591,BBB+,0
CCN(CC)CCN1c2ccccc2Sc2ccccc21,1,0.9886037111282349,BBB+,1
CCCCCCCCCCCCCC(=O)O[C@@H]1C=C[C@@H]2[C@H]3Cc4ccc(OCc5ccccc5)c5c4[C@@]2(CCN3C)[C@H]1O5,1,0.9985393285751343,BBB+,1
CCC(C)C(C)(COC(N)=O)COC(N)=O,1,0.7548074126243591,BBB+,1
CC1(C)S[C@@H]2[C@H](N=CN3CCCCCC3)C(=O)N2[C@H]1C(=O)O,0,0.02629651315510273,BBB-,0
COC[C@]1(C(=O)O)[C@H](c2ccc(OC)cc2)[C@@H]1S(=O)(=O)c1ccc(Cl)cc1,0,0.48643508553504944,BBB-,0
CC=CC(=O)N(CCC)C(CC)C(=O)N(C)C,1,0.863006055355072,BBB+,1
CC1=C[C@H]2[C@@H]3C[C@@H](C)[C@@](O)(C(=O)COC(=O)c4cccc(S(=O)(=O)O)c4)[C@]3(C)C[C@H](O)[C@H]2[C@]2(C)Cc3cnn(-c4ccccc4)c3C=C12,1,0.999148964881897,BBB+,1
CCC[C@H]1O[C@H]2C[C@H]3[C@@H]4CCC5=CC(=O)C=CC5(C)[C@H]4C(O)CC3(C)C2(C(=O)CO)O1,1,0.9962357878684998,BBB+,1
CC(=O)Nc1cc(C(=O)O)c(I)c(NC(C)=O)c1I,1,0.6326329708099365,BBB+,0
CN[C@H]1[C@H](O)[C@@H](O[C@@H]2[C@@H](O)[C@@H](O[C@H]3O[C@@H](CN)[C@@H](O)[C@H](O)[C@H]3O)[C@H](N)C[C@H]2NC(=O)[C@@H](O)CN)OC[C@]1(C)O,0,3.6301724321674556e-05,BBB-,0
Cc1onc(-c2c(Cl)cccc2Cl)c1C(=O)NC1C(=O)N2[C@H]1SC(C)(C)[C@@H]2C(=O)O,0,0.0019128852291032672,BBB-,0
CCCN(CCC)[C@H]1Cc2cccc3cc(O)cc(c23)C1,1,0.9507962465286255,BBB+,1
CC1(C)SC2C(NC(=O)C(N=[N+]=[N-])c3ccccc3)C(=O)N2C1C(=O)O,1,0.8033084273338318,BBB+,0
C[C@@H]1C(S[C@@H]2CN[C@H](C(=O)N(C)C)C2)=C(C(=O)O)N2C(=O)[C@@H]([C@H](C)O)[C@@H]12,0,0.004632920958101749,BBB-,0
CC(C)=CCN1CCC23c4c5ccc(O)c4O[C@@H]2C(=O)CCC3(O)C1C5,1,0.9902831315994263,BBB+,1
CC(=C(CCO)SSCC1CCCO1)N(C=O)Cc1cnc(C)nc1N,1,0.9998109936714172,BBB+,1
COC(=O)[C@@H]1C(O)=CC(Nc2cccc(OC(F)(F)F)c2)=C[C@@H]1C,1,0.8757123351097107,BBB+,1
CCC(=O)OC1(C(=O)SCCl)C(C)CC2C3CC(F)C4=CC(=O)C=CC4(C)C3(F)C(O)CC21C,1,0.9993569254875183,BBB+,1
Cc1cc(NC(=O)C2=C(O)c3ccccc3S(=O)(=O)N2C)no1,1,0.5063443183898926,BBB+,0
O=C1CCC2(CCC(=O)c3ccccc32)C(=O)N1,1,0.9930954575538635,BBB+,1
Nc1cc(OCC2CC2)c(C(=O)N[C@H]2CN3CCC2CC3)cc1Cl,1,0.9402536153793335,BBB+,1
CN(CCc1cc2cccc3c2n1-c1ccccc1CC3)Cc1ccccc1,1,0.80898118019104,BBB+,1
CCCC(=O)OC1(C(=O)COC(C)=O)CCC2C3CC(C)C4=CC(=O)CCC4(C)C3C(O)CC21C,1,0.9990088939666748,BBB+,1
Cc1cccc2c1Oc1ccccc1[C@@]1(O)CCN(C)C[C@@H]21,1,0.9919805526733398,BBB+,1
CNCCCN1c2ccccc2C(C)(C)c2ccccc21,1,0.8120366930961609,BBB+,1
COCCOCC(CC1(C(=O)NC2CCC(C(=O)O)CC2)CCCC1)C(=O)Oc1ccc2c(c1)CCC2,1,0.7648763656616211,BBB+,0
CCC(=O)N(c1ccccc1)C1(C(=O)OC)CCN(CCc2ccccc2)CC1C,1,0.9875288009643555,BBB+,1
CO[C@H](C(=O)N[C@H]1C(=O)N2[C@@H]1SC(C)(C)[C@H]2C(=O)O)c1ccc(Cl)c(Cl)c1,0,0.03432462736964226,BBB-,0
COc1ccc(Cl)c2c1CCCC2N(C)C,1,0.860397219657898,BBB+,1
C=C1C[C@@H]2[C@H]3CCC4=CC(=O)C=C[C@@]4(C)[C@]3(F)[C@@H](O)C[C@@]2(C)[C@]1(O)C(=O)CO,1,0.9999843835830688,BBB+,1
C=CCC(CC)(CC)C(N)=O,1,0.8350032567977905,BBB+,1
COC1CC(CC(C)C2CC(=O)[C@H](C)C=C(C)[C@H](O)C(OC)C(=O)C(C)CC(C)/C=C/C=C/C=C(\C)[C@@H](OC)CC3CC[C@@H](C)[C@@](O)(O3)C(=O)C(=O)N3CCCCC3C(=O)O2)CC[C@@H]1OC(=O)C(C)(CO)CO,0,0.13030032813549042,BBB-,1
CN1CCN(C2=Cc3cc(Cl)ccc3C(=CC#N)c3ccccc32)CC1,1,0.9267741441726685,BBB+,1
CCC1(CC)OC2CC3C4CCC5=CC(=O)C=CC5(C)C4(F)C(O)CC3(C)C2(C(=O)CO)O1,1,0.9998906850814819,BBB+,1
C=CCc1cccc(/C=N\NC(=O)CN2CCN(Cc3ccccc3)CC2)c1O,1,0.5402743220329285,BBB+,1
OCCN1CCN(CCCN2c3ccccc3C=Cc3ccccc32)CC1,1,0.8546817302703857,BBB+,1
OC(c1ccccc1)(c1ccccc1)[C@H]1C[C@H]1c1ccncc1,1,0.9388313889503479,BBB+,1
CC(=O)[C@H]1CC[C@H]2[C@@H]3C[C@H](O)[C@]45C[C@H]4CC[C@]5(C)[C@H]3CC[C@]12C,1,0.9527642130851746,BBB+,1
OC(c1ccccc1)(c1ccccc1)C1CCCCN1,1,0.9063501954078674,BBB+,1
COCOC(=O)[C@@H]1N2C(=O)[C@@H](N3C(=O)C(c4ccccc4)NC3(C)C)[C@H]2SC1(C)C,0,0.010472198016941547,BBB-,0
NC(N)=NC(N)=NCCc1ccccc1,0,0.30019381642341614,BBB-,0
c1ccc2c(c1)CCc1cccc3c1[C@@H]2CN1CCCC[C@H]31,1,0.9741643071174622,BBB+,1
Cc1cnn(-c2c(Cl)cccc2Cl)c1C(=O)NC1C(=O)N2C1SC(C)(C)C2C(=O)O,0,0.006024764385074377,BBB-,0
OC(C1=NCCN1)(c1ccc(Cl)cc1)c1ccccn1,1,0.9061244130134583,BBB+,1
CC1(c2ccccc2)O[C@H]2C[C@H]3[C@@H]4CCC5=CC(=O)C=CC5(C)C4(F)C(O)CC3(C)C2(C(=O)CO)O1,1,0.9998600482940674,BBB+,1
NC(=O)C1c2ccccc2C2OC2c2ccccc21,1,0.922846257686615,BBB+,1
O=C(NCCCCN1CCC(Oc2cccc(C(F)(F)F)c2)CC1)c1ccnc2ccccc12,1,0.8673542737960815,BBB+,1
CC1(C)SC2C(N3C(=O)C(c4ccc(O)cc4)NC3(C)C)C(=O)N2C1C(=O)O,0,0.005525196902453899,BBB-,0
CO[C@@H]1[C@@H](OC(N)=O)[C@@H](O)[C@H](Oc2ccc3c(O)c(NC(=O)c4ccc(O)c(CC=C(C)C)c4)c(=O)oc3c2C)OC1(C)C,0,0.02404305525124073,BBB-,0
CNCC(O)CC12CCC(c3ccccc31)c1ccccc12,1,0.8887090086936951,BBB+,1
CC1CC2C3CC(F)C4=CC(=O)C=CC4(C)C3(F)C(O)CC2(C)C1(O)C(=O)CO,1,0.9987753033638,BBB+,1
CC(=O)[C@@]12OC(C)(C)O[C@H]1C[C@H]1[C@H]3CCC4=CC(=O)CC[C@@]4(C)[C@H]3CC[C@]12C,1,0.8994200825691223,BBB+,1
C[C@]12C[C@@H](O)[C@H]3[C@@H](CCC4=CC(=O)CC[C@@]43C)[C@@H]1CC[C@@H]2C(=O)CO,1,0.7744557857513428,BBB+,1
O=C1CCC(N2C(=O)C3C4CCC(C4)C3C2=O)C(=O)N1,1,0.6560124754905701,BBB+,1
O=C1NC(c2ccccc2)(c2ccccc2)C(=O)N1CP(=O)(O)O,1,0.710309624671936,BBB+,1
CC(NC(C)(C)C)C(=O)c1cccc(Cl)c1,1,0.7111707925796509,BBB+,1
C[C@H]1C[C@@H]2[C@H]3C[C@@H](F)C4=CC(=O)C(Cl)=C[C@@]4(C)[C@]3(F)[C@@H](O)C[C@]2(C)[C@@]1(O)C(=O)CO,1,0.9998070597648621,BBB+,1
CC(C)(C)C(=O)SCC(=O)C1(O)CCC2C3CCC4=CC(=O)CCC4(C)C3C(O)CC21C,1,0.8832811713218689,BBB+,1
CCN(CC)CCn1cnc2c1c(=O)n(C)c(=O)n2C,1,0.8425645232200623,BBB+,1
CC(=O)N1CCN(C(=O)Cc2ccccc2)C(CN2CCC(O)C2)C1,0,0.2872980833053589,BBB-,0
COCC1CN(c2ccc(OCc3cccc(C#N)c3)cc2)C(=O)O1,1,0.8123628497123718,BBB+,1
Nc1nc(=O)n(C2CSC(CO)O2)cc1F,1,0.705198347568512,BBB+,0
C=CCC1(CC(C)C)C(=O)NC(=O)NC1=O,1,0.9960950016975403,BBB+,1
CN1CCN(CCCN2c3ccccc3Sc3cccc(C(F)(F)F)c32)CC1,1,0.9705548882484436,BBB+,1
CCCN(CCC)C(=O)Cc1c(-c2ccc(Cl)cc2)nc2ccc(Cl)cn12,1,0.8341608047485352,BBB+,1
CN1[C@H]2CC[C@@H]1CC(OC(=O)[C@@H](O)c1ccccc1)C2,1,0.8502042889595032,BBB+,1
CN1CC[C@@]2(C)c3cc(OC(=O)N4CCc5ccccc5C4)ccc3N(C)C12,1,0.9671289920806885,BBB+,1
CCC1(O)C[C@H]2CN(CCc3c([nH]c4ccccc34)C(C(=O)OC)(c3cc4c(cc3OC)N(C)[C@@H]3C(O)(C(N)=O)[C@@H](O)C5(CC)C=CCN6CCC43[C@H]65)C2)C1,0,0.05922948196530342,BBB-,0
O=C1NC(=O)C(C[C@H]2CCCCN2)(c2ccccc2)C(=O)N1,1,0.9801022410392761,BBB+,1
OCC1(CO)COC(C(Cl)(Cl)Cl)OC1,1,0.9997959733009338,BBB+,1
O=C(CCCN1CCC(O)(c2cccc(Cl)c2)CC1)c1ccc(F)cc1,1,0.9804173707962036,BBB+,1
Cc1onc(-c2ccccc2)c1C(=O)N[C@@H]1C(=O)N2[C@@H](C(=O)O)C(C)(C)S[C@H]12,0,0.004513459280133247,BBB-,0
COc1ccc(CCN2CCN(c3ccccc3Cl)CC2)cc1OC,1,0.8115623593330383,BBB+,1
CC(C)C[C@@H](CN)CC(=O)O,1,0.7252047061920166,BBB+,1
CCOC(=O)CCC(=O)O[C@@H]1[C@H](O[C@H]2[C@H](C)[C@@H](O[C@H]3C[C@@](C)(OC)[C@H](O)[C@H](C)O3)[C@H](C)C(=O)O[C@@H](CC)[C@@](C)(O)[C@H](O)[C@H](C)C(=O)[C@H](C)C[C@@]2(C)O)O[C@@H](C)C[C@H]1N(C)C,0,6.452629985886915e-09,BBB-,0
CCCCOC(=O)C(=O)[C@H]1[C@H](C)CC2C3C[C@H](F)C4=CC(=O)C=C[C@]4(C)C3[C@@H](O)C[C@@]21C,1,0.9430385231971741,BBB+,1
CC(=O)O[C@H]1C[C@@H]2CC[C@@H]3[C@H](CC[C@@]4(C)[C@H]3C[C@H]([N+]3(C)CCCCC3)[C@@H]4OC(C)=O)[C@@]2(C)C[C@@H]1[N+]1(C)CCCCC1,0,1.8602931959321722e-06,BBB-,0
O=C(O)[C@@H]1C[C@H](CP(=O)(O)O)CCN1,1,0.5251099467277527,BBB+,1
CN1[C@H]2CC[C@H]1CC(OC(c1ccccc1)c1ccccc1)C2,1,0.9066084623336792,BBB+,1
CC12CCC(=O)C=C1CCC1C2C(O)CC2(C)C1CCC2(O)C(=O)COC(=O)CCC(=O)O,1,0.899197518825531,BBB+,1
NC[C@@H]1CC(=O)N(Cc2ccccc2)C1,1,0.8432193994522095,BBB+,1
O=C(Cc1ccc(Cl)c(Cl)c1)N1CCn2ccnc2[C@H]1CN1CC[C@@H](O)C1,1,0.6969138979911804,BBB+,0
CN1CCN(CCN2CCN(CCCN3c4ccccc4Sc4ccc(Cl)cc43)CC2)C1=O,1,0.9928818941116333,BBB+,1
NC1CCCC1c1ccccc1,1,0.8127627372741699,BBB+,1
OCCN1CCN(CC/C=C2\c3ccccc3COc3ccc(Cl)cc32)CC1,1,0.9108949899673462,BBB+,1
CC1CN(C)CC2Cc3c(ccc4ccccc34)OC12O,1,0.9590564966201782,BBB+,1
CC[C@H]1OC(=O)[C@H](C)[C@@H](O[C@H]2C[C@@](C)(OC)[C@@H](O)[C@H](C)O2)[C@H](C)[C@@H](O[C@@H]2O[C@H](C)C[C@H](N(C)C)[C@H]2O)[C@](C)(O)C[C@@H](C)/C(=N/OC)[C@H](C)[C@@H](O)[C@]1(C)O,0,8.177804033948632e-07,BBB-,0
CC1=C(C(=O)O)N2C(=O)C(NC(=O)C(N)c3ccccc3)C2SC1,0,0.0883755013346672,BBB-,0
CCC(=O)[C@@]1(O)CC[C@H]2[C@H]3CCC4=CC(=O)CC[C@@]4(C)[C@H]3[C@H](O)C[C@]21C,1,0.9993740916252136,BBB+,1
CC1(C)S[C@@H]2[C@H](NC(=O)CCC[C@@H](N)C(=O)O)C(=O)N2[C@H]1C(=O)O,0,0.01194948423653841,BBB-,0
C=C1Cc2c(CCN(CCC)CCC)ccc(O)c2N1,1,0.731170654296875,BBB+,1
CC1CC2C3CC(F)(F)C4=CC(=O)C=C[C@]4(C)C3(F)C(O)CC2(C)C1(O)C(=O)CO,1,0.9979787468910217,BBB+,1
CC(=O)OCC(=O)[C@@]1(O)CCC2C3CCC4=CC(=O)CC[C@]4(C)[C@@]3(F)[C@@H](O)C[C@@]21C,1,0.9999932050704956,BBB+,1
C#CC1(O)CCC2C3CCc4cc(OC5CCCC5)ccc4C3CCC21C,0,0.17661824822425842,BBB-,0
O=C1C(CC[S+]([O-])c2ccccc2)C(=O)N(c2ccccc2)N1c1ccccc1,1,0.8430274724960327,BBB+,0
CO/N=C(/C(=O)N[C@H]1C(=O)N2C(C(=O)O)=C(COC(C)=O)CS[C@@H]12)c1ccco1,0,0.13821440935134888,BBB-,0
C=CCC1(C(C)CCCC)C(=O)NC(=O)N(C)C1=O,1,0.9999516010284424,BBB+,1
COc1ccc(CCCNC(=O)CSCc2cccc(Cl)c2)cc1,1,0.595345139503479,BBB+,1
CCCN(CCCCN1C(=O)CC2(CCCC2)CC1=O)C1COc2cccc(OC)c2C1,1,0.987631618976593,BBB+,1
CC[C@H](NC(=O)[C@@H](C)SCc1ccccc1)c1ccc(OC)c(OC)c1,1,0.6772298216819763,BBB+,1
CCC(C)Nc1ccc(I)c(NC(C)CC)c1,1,0.7161863446235657,BBB+,1
CN(C)[C@@H]1C(O)=C(C(=O)NCN2CCN(CCO)CC2)C(=O)[C@]2(O)C(O)=C3C(=O)c4c(O)cccc4[C@](C)(O)[C@@H]3C[C@H]12,0,0.03425076603889465,BBB-,0
C/C(=C\C(=O)OCCCCCCCCC(=O)O)CC1OCC(CC2OC2C(C)C(C)O)C(O)C1O,0,0.0126606160774827,BBB-,0
CO[C@]1(NC(=O)[C@@H](C(=O)O)c2ccsc2)C(=O)N2[C@H](C(=O)O)C(C)(C)S[C@@H]21,0,0.028510691598057747,BBB-,0
CCC(Cc1c(I)cc(I)c(N)c1I)C(=O)O,0,0.054814696311950684,BBB-,0
COC(=O)c1ccc(COc2ccc3c(c2)O/C(=C\c2cccc(OC)c2OC)C3=O)o1,1,0.6012834310531616,BBB+,0
CSc1ccc(CC(=O)N2CCN(C(C)=O)C[C@@H]2CN2CC[C@H](O)C2)cc1,0,0.13612814247608185,BBB-,0
CCC1(c2ccccc2)OCC(C2CCCCN2)O1,1,0.9736899733543396,BBB+,1
Cc1ccccc1-n1c(/C=C\c2ccccn2)nc2ccccc2c1=O,1,0.787273645401001,BBB+,1
CN1CC(O)c2cc(N=NC(N)=O)c(O)cc21,1,0.7751339673995972,BBB+,0
N=C1Cc2ccccc2N(C(N)=O)c2ccccc21,1,0.8197359442710876,BBB+,1
C[C@@H]1C[C@H]2[C@@H]3CCC4=CC(=O)C=C[C@]4(C)[C@@]3(Cl)[C@@H](O)C[C@]2(C)[C@@]1(O)C(=O)CCl,1,0.999981164932251,BBB+,1
O=S(=O)(c1ccc2cc[nH]c2c1)N1CCC[C@H]1CCN1CCC(Oc2cccc(Cl)c2)CC1,1,0.9356000423431396,BBB+,1
CCC[C@@](C)(O)[C@H]1CC23C=CC1(OC)[C@H]1Oc4c(OC(C)=O)ccc5c4C12CCN(C)C3C5,1,0.9998703002929688,BBB+,1
CS(=O)(=O)[C@H]1[C@@H](C#N)[C@@H]1c1ccccc1,1,0.9289147257804871,BBB+,1
COc1cc2nc(N3CCN(C(=O)c4ccco4)CC3)nc(N)c2cc1OC,1,0.6064530611038208,BBB+,1
O=C1[C@H]2CCCC[C@H]2C(=O)N1CCCCN1CCN(c2nsc3ccccc23)CC1,1,0.9698567390441895,BBB+,1
CCCCNc1ccc(C(=O)OCCOCCOCCOCCOCCOCCOCCOCCOCCOC)cc1,1,0.8361445069313049,BBB+,0
CCC[C@@H]1O[C@@H]2C[C@H]3[C@@H]4C[C@H](F)C5=CC(=O)C=C[C@]5(C)C4(F)[C@@H](O)C[C@]3(C)[C@]2(C(=O)O[C@H](C)OC(=O)OCC)O1,1,0.989334762096405,BBB+,1
c1ccc2c(c1)[nH]c1cnccc12,1,0.86037278175354,BBB+,1
CN(C)CCO[C@](C)(c1ccccc1)c1ccc(Cl)cc1,1,0.8874184489250183,BBB+,1
C[C@@H]1O[C@H](O[C@H]2/C=C/C=C/C=C\C=C\C=C\C=C\C=C\[C@H](C)[C@@H](O)[C@@H](C)[C@@H](C)OC(=O)C[C@H](O)C[C@@H](O)CC[C@@H](O)[C@@H](O)C[C@@H](O)C[C@@]3(O)C[C@@H](O)[C@H](C(=O)O)[C@@H](C2)O3)[C@@H](O)[C@H](N)[C@H]1O,0,2.117783878929913e-05,BBB-,0
CN(C)CC/C=C1\c2ccccc2CNc2cc(Cl)ccc21,1,0.9674661755561829,BBB+,1
CN1C[C@@H](NS(=O)(=O)N(C)C)C[C@H]2c3cccc4c3c(cn4C)C[C@@H]21,1,0.9574957489967346,BBB+,1
Cc1ccccc1NC1=NCCN1,1,0.7741057872772217,BBB+,0
CN(C)c1cc(-c2n[nH]c(N)n2)ccn1,1,0.5645772218704224,BBB+,0
CNC1C(O)C(OC2C(N)CC(N)C(OC3OC(CN)CCC3N)C2O)OCC1(C)O,0,0.0022345813922584057,BBB-,0
CN1CC[C@@]23c4c5ccc(O)c4O[C@H]2[C@H](O)C=C[C@H]3[C@H]1C5,1,0.9964209794998169,BBB+,1
N#CCCN1C(=O)C(O)N=C(c2ccccc2F)c2cc(Cl)ccc21,1,0.9929163455963135,BBB+,1
CC1(C)S[C@H]2C(NC(=O)[C@@H](NS(=O)(=O)O)c3ccccc3)C(=O)N2[C@H]1C(=O)O,0,0.003214723663404584,BBB-,0
C=C1CCC2(O)C3Cc4ccc(O)c5c4C2(CCN3CC2CC2)C1O5,1,0.9961714148521423,BBB+,1
CC(=O)OCC1=C(C(=O)O)N2C(=O)C(NC(=O)CC#N)C2SC1,0,0.04005518928170204,BBB-,0
CCN1C[C@@H](CCN2CCOCC2)C(c2ccccc2)(c2ccccc2)C1=O,1,0.9557004570960999,BBB+,1
CC1(C)O[C@@H]2C[C@H]3[C@@H]4C[C@H](F)C5=CC(=O)C=C[C@]5(C)[C@@]4(Cl)[C@@H](Cl)C[C@]3(C)[C@]2(C(=O)CCl)O1,1,0.9996738433837891,BBB+,1
CO/N=C(\C(=O)N[C@@H]1C(=O)N2C(C(=O)O)=C(C[n+]3cccc4c3CCCC4)CS[C@H]12)c1csc(N)n1,0,0.053482525050640106,BBB-,0
C[C@@H]1CC2C3C[C@H](F)C4=CC(=O)C=C[C@]4(C)[C@@]3(F)[C@@H](O)C[C@]2(C)[C@@]1(O)C(=O)COC(=O)C(C)(C)C,1,0.9999933242797852,BBB+,1
CCN1CCCC1CNC(=O)c1cc(C(C)=O)ccc1OC,1,0.7658434510231018,BBB+,1
NC[C@@H]1O[C@@H](O[C@H]2[C@@H](N)C[C@H](N)[C@H](O)[C@H]2O[C@@H]2O[C@H](CO)[C@H](OC[C@@H]3O[C@@H](CN)[C@@H](O)[C@@H](O)[C@@H]3N)[C@H]2O)[C@@H](N)[C@H](O)[C@@H]1O,0,5.382566428124846e-07,BBB-,0
Cc1cnn(C2CCN(c3nc4ccccc4n3Cc3ccc(F)cc3)CC2)c1,1,0.9186140298843384,BBB+,1
CC#CC1(O)CCC2C3CCC4=CC(=O)CCC4=C3C(c3ccc(N(C)C)cc3)CC21C,0,0.047966357320547104,BBB-,0
CC[C@H](NC(=O)c1c(Cn2ccnc2)c(-c2ccccc2)nc2ccccc12)c1ccccc1,1,0.6507185697555542,BBB+,0
CC(Cc1ccccc1)NC(C#N)c1ccccc1,1,0.7915065288543701,BBB+,1
CCN1CCN(C(=O)NC(C(=O)NC2C(=O)N3C(C(=O)O)=C(CSc4nnnn4C)CSC23)c2ccc(O)cc2)C(=O)C1=O,0,0.015322101302444935,BBB-,0
FC(F)(Cl)C(F)(F)Cl,1,0.855731189250946,BBB+,1
COc1cc2c(c(OC)c1OC)[C@@H](c1cccc3ccccc13)CC(=O)O2,0,0.4981415569782257,BBB-,1
CCS(=O)(=O)[C@H]1[C@H](c2ccc3c(c2)OCO3)[C@]1(C#N)COC,1,0.7841961979866028,BBB+,1
O=C(NCCCCN1CCC(Nc2cccc(C(F)(F)F)c2)CC1)c1ccc(Br)cc1,1,0.9605894684791565,BBB+,1
O=C1CC[C@@]2(O)[C@H]3Cc4ccc(O)c5c4[C@@]2(CCN3CC2CC2)[C@H]1O5,1,0.9926937818527222,BBB+,1
C=CC1=C(C(=O)O)N2C(=O)[C@@H](NC(=O)/C(=N/O)c3csc(N)n3)[C@H]2SC1,0,0.03915195167064667,BBB-,0
O[C@H](Cn1ccnc1)c1ccc(CCc2ccccc2)cc1,1,0.6995444297790527,BBB+,1
CC(C)CN(C[C@@H](O)[C@H](Cc1ccccc1)NC(=O)O[C@H]1CCOC1)S(=O)(=O)c1ccc(N)cc1,1,0.714820921421051,BBB+,1
CN(C)Cc1ccc(CSCCN[C@H]2N=CC=C2[N+](=O)[O-])o1,1,0.5118846893310547,BBB+,0
CCCc1nc2c(n1Cc1ccc(-c3ccccc3C(=O)O)cc1)=C[C@H](c1nc3ccccc3n1C)CC=2C,1,0.651114821434021,BBB+,1
COc1ccnc(C[S+]([O-])c2nc3ccc(-n4cccc4)cc3[nH]2)c1C,0,0.49445900321006775,BBB-,0
CO/N=C(/C(=O)N[C@H]1C(=O)N2C(C(=O)OCOC(=O)C(C)(C)C)=CCS[C@@H]12)c1csc(NC(=O)[C@@H](C)N)n1,0,0.058284956961870193,BBB-,0
c1cnc2c(c1)C(Cc1ccncc1)(Cc1ccncc1)c1cccnc1-2,1,0.7146214842796326,BBB+,1
COc1ccc2c(c1OC)[C@]13CCN(C)[C@H](C2)[C@]1(O)CC[C@@H](O)C3,1,0.9986128807067871,BBB+,1
O=C1CN(O)C(c2ccccc2)=c2cc(Cl)ccc2=N1,1,0.8407859206199646,BBB+,1
COc1cc(C(=O)N2CCOCC2)cc(OC)c1OC,1,0.7391193509101868,BBB+,1
CC(=O)[C@H]1CC[C@H]2[C@H]3CC[C@H]4C[C@@](C)(O)CC[C@@]4(C)[C@H]3CC[C@@]12C,1,0.8201615810394287,BBB+,1
Oc1c(I)cc(I)c2cccnc12,0,0.3610205352306366,BBB-,0
CC(=O)OCC1=COC(OC(=O)CC(C)(C)OC(C)=O)C2C1=CC(OC(=O)CC(C)C)C21CO1,1,0.9913827776908875,BBB+,1
CN1Cc2c(C(=O)OC(C)(C)C)ncn2-c2ccsc2C1=O,1,0.7828254699707031,BBB+,1
O=C1CC(c2cccc(Br)c2)C(=O)N1,1,0.9144880175590515,BBB+,1
CCC(=O)OCC(=O)C1(OC(=O)CC)[C@@H](C)C[C@H]2[C@@H]3CCC4=CC(=O)C=CC4(C)C3(Cl)[C@@H](O)CC21C,1,0.9999954700469971,BBB+,1
CC(=O)[C@@H]1CC[C@@H]2[C@H]3CC[C@@H]4C[C@H](O)CC[C@@]4(C)[C@@H]3C(=O)C[C@@]12C,1,0.9684271812438965,BBB+,1
COC[C@H]1CN(c2ccc(OCC[C@@H](O)C(F)(F)F)cc2)C(=O)O1,1,0.8386885523796082,BBB+,1
CC[C@@H]1OC(=O)[C@H](C)[C@@H](O[C@H]2C[C@@](C)(OC)[C@H](O)[C@H](C)O2)[C@H](C)[C@@H](O[C@@H]2O[C@@H](C)C[C@@H](N(C)C)[C@@H]2O)[C@](C)(O)C[C@@H](C)C(=O)[C@@H](C)[C@H](O)[C@]1(C)O,0,5.0193960987598985e-08,BBB-,1
Cc1ccc2c(-c3ccccc3)nc(=O)n(C(C)C)c2c1,1,0.7798024415969849,BBB+,0
CO/N=C(\C(=O)N[C@@H]1C(=O)N2C(C(=O)O)=C(COC(C)=O)CS[C@H]12)c1csc(N)n1,0,0.07362257689237595,BBB-,0
CC(=O)OCC(=O)C1(O)CC[C@H]2[C@@H]3C[C@H](C)C4=CC(=O)C=CC4(C)[C@H]3[C@@H](O)CC21C,1,0.9986310601234436,BBB+,1
CC1=C(C(=O)O)N2C(=O)C(NC(=O)C(N)c3ccc(O)cc3)C2SC1,0,0.030187340453267097,BBB-,0
NC(=O)Nc1ccc(S(=O)(=O)c2ccc(N)cc2)cc1,1,0.6826186776161194,BBB+,1
NC[C@]1(CO)[C@H](c2ccccc2)[C@@H]1S(=O)(=O)c1ccc(Cl)cc1,1,0.60420823097229,BBB+,0
CN1[C@@H]2CC[C@@H]1CC(OC(=O)C(O)c1ccccc1)C2,1,0.8297437429428101,BBB+,1
C[C@H]1C[C@H]2[C@@H]3C[C@H](F)C4=CC(=O)C=CC4(C)C3(F)[C@@H](O)CC2(C)C1(O)C(=O)CO,1,0.9995307922363281,BBB+,1
CCC(O)(COC(N)=O)c1ccccc1,1,0.8079805374145508,BBB+,1
C=C1c2c(Cl)ccc(O)c2C(O)=C2C(=O)C3(O)C(O)=C(C(N)=O)C(=O)C(N(C)C)C3C(O)C12,0,0.022454477846622467,BBB-,0
c1cncc(CC2(Cc3ccncc3)c3cccnc3-c3ncccc32)c1,1,0.7196253538131714,BBB+,1
O=C1NCCN1C1CCN(CC[C@H]2COc3ccccc3O2)CC1,1,0.9668349623680115,BBB+,1
CCN(CC)C(C)CN1c2ccccc2Sc2ccccc21,1,0.9910255074501038,BBB+,1
CN(C)CCOC(c1ccccc1)c1ccc(Br)cc1,1,0.8897356986999512,BBB+,1
NS(=O)(=O)c1cc([C@@]2(O)NC(=O)c3ccccc32)ccc1Cl,1,0.8165867924690247,BBB+,1
Cc1nnc(SCC2=C(C(=O)O)N3C(=O)[C@@H](NC(=O)[C@H](O)c4ccccc4)[C@H]3SC2)s1,0,0.011916639283299446,BBB-,0
CN=C(NC#N)NCCSCc1nc[nH]c1C,0,0.2015840709209442,BBB-,0
CCN1CCN(C(=O)NC(C(=O)NC2C(=O)N3C2SC(C)(C)C3C(=O)O)c2ccccc2)C(=O)C1=O,0,0.018711743876338005,BBB-,0
COc1cc2c(cc1OC)[C@H](c1ccccc1)CN(C)CC2,1,0.8366274833679199,BBB+,1
NC(=O)CN1C(=O)[C@@H](c2ccccc2)c2ccccc21,1,0.854247510433197,BBB+,1
CC[C@H](C(=O)NC(N)=O)c1ccccc1,1,0.89089435338974,BBB+,1
CCC(C)(O)C1CC23C=CC1(OC)[C@H]1Oc4c(OC)ccc5c4C12CCN(CC1CC1)C3C5,1,0.9999305009841919,BBB+,1
CNCCCC1c2ccccc2C=Cc2ccccc21,1,0.8582954406738281,BBB+,1
OCCN1CCN(CCCN2c3ccccc3Sc3ccc(Cl)cc32)CC1,1,0.9921830296516418,BBB+,1
COC(=O)[C@H]1[C@H](OC)[C@@H](OC(=O)c2cc(OC)c(OC)c(OC)c2)C[C@H]2CN3CCc4c([nH]c5ccc(Cl)cc45)[C@H]3C[C@@H]21,1,0.8538223505020142,BBB+,1
CC(CCN1CCN(c2ccc(F)cc2)CC1)NC(=O)c1cccnc1,1,0.957049548625946,BBB+,1
O=P(O)(O)C(O)(Cn1ccnc1)P(=O)(O)O,0,0.0921078771352768,BBB-,0
O=C1c2cccc3c2C(CCC3)CN1C1CN2CCC1CC2,1,0.9852582812309265,BBB+,1
Nc1ccc(C(=O)NCC(=O)O)cc1,0,0.4628105163574219,BBB-,0
F[C@@H](Br)C(F)(F)F,1,0.9273641705513,BBB+,1
COC(=O)c1c(C)cc([N+](=O)[O-])c(C(=O)OCCN(C)Cc2ccccc2)c1C1C=C(C)NC(C)=C1,0,0.26185527443885803,BBB-,1
CC(C)(C)NC[C@@H](O)COc1cccc2c1C[C@H](O)[C@@H](O)C2,1,0.5794016122817993,BBB+,0
COC(=O)[C@H]1[C@H]2C[C@@H]3c4[nH]c5ccccc5c4CCN3C[C@H]2C[C@@H](OC(=O)c2cc(OC)c(OC)c(OC)c2)[C@@H]1OC,1,0.9931909441947937,BBB+,1
COCC1=C(C(=O)O)N2C(=O)C(NC(=O)C(=NOC)c3csc(N)n3)C2SC1,0,0.09836872667074203,BBB-,0
ON=Cc1cc[n+](COC[n+]2ccc(/C=N/O)cc2)cc1,1,0.5302876830101013,BBB+,0
O=c1[nH]c2ccccc2c(=O)n1CCCN1CCN(c2cccc(Cl)c2)CC1,1,0.8536707758903503,BBB+,1
CCCN1C[C@@H](NS(=O)(=O)N(CC)CC)C[C@@H]2Cc3c(O)cccc3CC21,1,0.9524044394493103,BBB+,1
CCC(=O)OC1(c2ccccc2)CCN(C)CC1CC,1,0.9655221700668335,BBB+,1
COc1cc(C(=O)NCc2ccc(OCCN(C)C)cc2)cc(OC)c1OC,1,0.7470752596855164,BBB+,1
C(=N\NC1=NCCN1)\c1c2ccccc2c(/C=N\NC2=NCCN2)c2ccccc12,1,0.6297680735588074,BBB+,0
Cc1nc(Nc2ccc(F)cc2)nc(N2CCc3ccccc3[C@@H]2C)c1C,1,0.942841112613678,BBB+,1
O=c1[nH]c2ccccc2n1CCCN1CCC(Nn2c(=O)[nH]c3cc(Cl)ccc32)CC1,1,0.9557331204414368,BBB+,1
CNCCC=C1c2ccccc2[C@H]2C[C@H]2c2ccccc21,1,0.9862585067749023,BBB+,1
C[C@H](CN(C)C)CN1c2ccccc2CCc2ccccc21,1,0.948816180229187,BBB+,1
O=C(OOC(=O)c1ccccc1)c1ccccc1,1,0.746458888053894,BBB+,0
CC1CC2C3CCC4=CC(=O)C=CC4(C)C3(F)C(O)CC2(C)C1(OC(=O)c1ccccc1)C(=O)CO,1,0.9999442100524902,BBB+,1
CCC(=O)N(c1ccccc1)C1(C(=O)OC)CCN(CCc2ccccc2)CC1,1,0.9551072716712952,BBB+,1
Cc1oc(=O)oc1COC(=O)[C@@H]1N2C(=O)[C@@H](NC(=O)[C@H](N)c3ccccc3)[C@H]2SC1(C)C,0,0.001850295695476234,BBB-,0
O=C1CN=C(c2ccccc2F)c2cc(Cl)ccc2N1C[C@H](O)CO,1,0.9950078725814819,BBB+,1
COc1ccc2c3c1O[C@H]1[C@H](O)C=C[C@H]4[C@@H](C2)NCC[C@]341,1,0.998384952545166,BBB+,1
